path,shape_comp_AB,shape_comp_AB_int_area,shape_comp_AB_median_dist
pdbs/0001.pdb.gz,0.677,866.782,0.645
pdbs/0002.pdb.gz,0.704,826.787,0.542
pdbs/0003.pdb.gz,0.647,938.961,0.611
pdbs/0004.pdb.gz,0.759,766.688,0.493
pdbs/0005.pdb.gz,0.682,907.763,0.638
pdbs/0006.pdb.gz,0.681,925.341,0.574
pdbs/0007.pdb.gz,0.703,800.65,0.556
pdbs/0008.pdb.gz,0.575,891.146,0.713
pdbs/0009.pdb.gz,0.709,867.293,0.538
pdbs/0010.pdb.gz,0.637,890.487,0.664
pdbs/0011.pdb.gz,0.692,753.318,0.53
pdbs/0012.pdb.gz,0.638,904.17,0.626
pdbs/0013.pdb.gz,0.671,851.347,0.638
pdbs/0014.pdb.gz,0.649,959.812,0.696
pdbs/0015.pdb.gz,0.659,863.476,0.638
pdbs/0016.pdb.gz,0.636,955.895,0.655
pdbs/0017.pdb.gz,0.523,683.978,0.9
pdbs/0018.pdb.gz,0.678,798.407,0.618
pdbs/0019.pdb.gz,0.746,842.111,0.54
pdbs/0020.pdb.gz,0.697,969.568,0.604
pdbs/0021.pdb.gz,0.753,804.431,0.508
pdbs/0022.pdb.gz,0.747,804.534,0.506
pdbs/0023.pdb.gz,0.723,804.996,0.553
pdbs/0024.pdb.gz,0.715,916.914,0.592
pdbs/0025.pdb.gz,0.788,804.972,0.474
pdbs/0026.pdb.gz,0.646,916.989,0.618
pdbs/0027.pdb.gz,0.67,872.673,0.665
pdbs/0028.pdb.gz,0.59,958.869,0.758
pdbs/0029.pdb.gz,0.649,896.065,0.723
pdbs/0030.pdb.gz,0.676,878.75,0.571
pdbs/0031.pdb.gz,0.688,691.018,0.53
pdbs/0032.pdb.gz,0.691,948.088,0.582
pdbs/0033.pdb.gz,0.691,863.362,0.579
pdbs/0034.pdb.gz,0.704,813.933,0.642
pdbs/0035.pdb.gz,0.603,860.775,0.678
pdbs/0036.pdb.gz,0.647,810.501,0.554
pdbs/0037.pdb.gz,0.629,885.081,0.666
pdbs/0038.pdb.gz,0.605,956.273,0.704
pdbs/0039.pdb.gz,0.528,740.241,0.841
pdbs/0040.pdb.gz,0.73,872.07,0.556
pdbs/0041.pdb.gz,0.712,921.348,0.553
pdbs/0042.pdb.gz,0.703,841.931,0.61
pdbs/0043.pdb.gz,0.699,808.104,0.594
pdbs/0044.pdb.gz,0.718,922.846,0.508
pdbs/0045.pdb.gz,0.662,841.62,0.571
pdbs/0046.pdb.gz,0.669,921.934,0.645
pdbs/0047.pdb.gz,0.645,815.499,0.685
pdbs/0048.pdb.gz,0.538,923.725,0.871
pdbs/0049.pdb.gz,0.692,905.697,0.605
pdbs/0050.pdb.gz,0.712,923.775,0.543
pdbs/0051.pdb.gz,0.658,943.369,0.676
pdbs/0052.pdb.gz,0.661,882.902,0.608
pdbs/0053.pdb.gz,0.667,810.758,0.63
pdbs/0054.pdb.gz,0.583,686.263,0.737
pdbs/0055.pdb.gz,0.717,948.59,0.563
pdbs/0056.pdb.gz,0.559,967.548,0.814
pdbs/0057.pdb.gz,0.684,848.316,0.614
pdbs/0058.pdb.gz,0.641,891.793,0.663
pdbs/0059.pdb.gz,0.639,885.192,0.606
pdbs/0060.pdb.gz,0.628,903.528,0.698
pdbs/0061.pdb.gz,0.679,866.887,0.609
pdbs/0062.pdb.gz,0.735,839.841,0.534
pdbs/0063.pdb.gz,0.671,776.968,0.609
pdbs/0064.pdb.gz,0.688,767.327,0.634
pdbs/0065.pdb.gz,0.711,930.185,0.591
pdbs/0066.pdb.gz,0.746,763.813,0.545
pdbs/0067.pdb.gz,0.717,808.604,0.475
pdbs/0068.pdb.gz,0.638,841.592,0.669
pdbs/0069.pdb.gz,0.695,786.822,0.601
pdbs/0070.pdb.gz,0.642,911.206,0.688
pdbs/0071.pdb.gz,0.675,920.577,0.628
pdbs/0072.pdb.gz,0.575,849.085,0.832
pdbs/0073.pdb.gz,0.712,882.034,0.525
pdbs/0074.pdb.gz,0.589,892.434,0.794
pdbs/0075.pdb.gz,0.714,837.93,0.495
pdbs/0076.pdb.gz,0.716,856.836,0.545
pdbs/0077.pdb.gz,0.722,853.472,0.557
pdbs/0078.pdb.gz,0.741,871.231,0.522
pdbs/0079.pdb.gz,0.677,837.149,0.604
pdbs/0080.pdb.gz,0.748,941.818,0.57
pdbs/0081.pdb.gz,0.669,904.339,0.588
pdbs/0082.pdb.gz,0.654,924.502,0.581
pdbs/0083.pdb.gz,0.713,885.557,0.554
pdbs/0084.pdb.gz,0.687,891.541,0.519
pdbs/0085.pdb.gz,0.688,906.033,0.614
pdbs/0086.pdb.gz,0.586,783.182,0.713
pdbs/0087.pdb.gz,0.658,807.395,0.665
pdbs/0088.pdb.gz,0.756,769.795,0.527
pdbs/0089.pdb.gz,0.6,964.016,0.806
pdbs/0090.pdb.gz,0.68,883.226,0.621
pdbs/0091.pdb.gz,0.682,902.524,0.574
pdbs/0092.pdb.gz,0.666,841.73,0.628
pdbs/0093.pdb.gz,0.561,745.723,0.787
pdbs/0094.pdb.gz,0.676,971.863,0.646
pdbs/0095.pdb.gz,0.59,862.516,0.712
pdbs/0096.pdb.gz,0.665,818.332,0.641
pdbs/0097.pdb.gz,0.623,860.875,0.692
pdbs/0098.pdb.gz,0.595,895.5,0.712
pdbs/0099.pdb.gz,0.703,927.595,0.585
pdbs/0100.pdb.gz,0.719,799.201,0.533
pdbs/0101.pdb.gz,0.703,873.888,0.581
pdbs/0102.pdb.gz,0.659,878.157,0.636
pdbs/0103.pdb.gz,0.635,807.849,0.603
pdbs/0104.pdb.gz,0.687,765.368,0.551
pdbs/0105.pdb.gz,0.765,853.102,0.494
pdbs/0106.pdb.gz,0.696,757.972,0.537
pdbs/0107.pdb.gz,0.702,866.782,0.594
pdbs/0108.pdb.gz,0.646,869.302,0.713
pdbs/0109.pdb.gz,0.7,904.782,0.555
pdbs/0110.pdb.gz,0.609,921.996,0.712
pdbs/0111.pdb.gz,0.659,878.771,0.658
pdbs/0112.pdb.gz,0.728,897.226,0.53
pdbs/0113.pdb.gz,0.591,958.848,0.738
pdbs/0114.pdb.gz,0.623,874.956,0.681
pdbs/0115.pdb.gz,0.752,823.567,0.488
pdbs/0116.pdb.gz,0.685,860.66,0.611
pdbs/0117.pdb.gz,0.615,891.163,0.718
pdbs/0118.pdb.gz,0.687,823.763,0.613
pdbs/0119.pdb.gz,0.681,788.975,0.631
pdbs/0120.pdb.gz,0.739,839.602,0.548
pdbs/0121.pdb.gz,0.697,868.065,0.649
pdbs/0122.pdb.gz,0.582,873.636,0.711
pdbs/0123.pdb.gz,0.697,903.044,0.599
pdbs/0124.pdb.gz,0.699,900.979,0.659
pdbs/0125.pdb.gz,0.713,920.447,0.584
pdbs/0126.pdb.gz,0.744,803.179,0.519
pdbs/0127.pdb.gz,0.678,850.037,0.554
pdbs/0128.pdb.gz,0.692,923.623,0.589
pdbs/0129.pdb.gz,0.557,842.114,0.828
pdbs/0130.pdb.gz,0.714,856.524,0.632
pdbs/0131.pdb.gz,0.599,732.833,0.785
pdbs/0132.pdb.gz,0.786,839.262,0.483
pdbs/0133.pdb.gz,0.698,871.111,0.594
pdbs/0134.pdb.gz,0.625,796.58,0.659
pdbs/0135.pdb.gz,0.689,797.582,0.659
pdbs/0136.pdb.gz,0.725,631.25,0.466
pdbs/0137.pdb.gz,0.658,903.105,0.63
pdbs/0138.pdb.gz,0.722,839.555,0.558
pdbs/0139.pdb.gz,0.644,822.271,0.638
pdbs/0140.pdb.gz,0.716,851.826,0.552
pdbs/0141.pdb.gz,0.575,908.785,0.835
pdbs/0142.pdb.gz,0.786,937.463,0.463
pdbs/0143.pdb.gz,0.7,882.353,0.585
pdbs/0144.pdb.gz,0.777,625.584,0.447
pdbs/0145.pdb.gz,0.612,915.262,0.74
pdbs/0146.pdb.gz,0.601,971.103,0.762
pdbs/0147.pdb.gz,0.677,875.236,0.647
pdbs/0148.pdb.gz,0.726,977.548,0.482
pdbs/0149.pdb.gz,0.638,913.495,0.717
pdbs/0150.pdb.gz,0.625,785.055,0.723
pdbs/0151.pdb.gz,0.694,859.266,0.508
pdbs/0152.pdb.gz,0.631,908.777,0.681
pdbs/0153.pdb.gz,0.662,795.343,0.601
pdbs/0154.pdb.gz,0.693,909.139,0.588
pdbs/0155.pdb.gz,0.647,969.734,0.672
pdbs/0156.pdb.gz,0.723,774.397,0.511
pdbs/0157.pdb.gz,0.685,937.527,0.598
pdbs/0158.pdb.gz,0.706,866.706,0.606
pdbs/0159.pdb.gz,0.699,946.62,0.607
pdbs/0160.pdb.gz,0.6,913.635,0.746
pdbs/0161.pdb.gz,0.703,860.278,0.533
pdbs/0162.pdb.gz,0.748,891.845,0.505
pdbs/0163.pdb.gz,0.606,749.244,0.707
pdbs/0164.pdb.gz,0.735,883.827,0.549
pdbs/0165.pdb.gz,0.74,844.325,0.578
pdbs/0166.pdb.gz,0.703,872.845,0.56
pdbs/0167.pdb.gz,0.624,867.915,0.595
pdbs/0168.pdb.gz,0.751,879.078,0.499
pdbs/0169.pdb.gz,0.729,858.208,0.513
pdbs/0170.pdb.gz,0.513,839.096,0.882
pdbs/0171.pdb.gz,0.769,832.649,0.477
pdbs/0172.pdb.gz,0.695,787.806,0.566
pdbs/0173.pdb.gz,0.65,889.08,0.648
pdbs/0174.pdb.gz,0.677,917.68,0.593
pdbs/0175.pdb.gz,0.701,861.111,0.555
pdbs/0176.pdb.gz,0.709,850.549,0.57
pdbs/0177.pdb.gz,0.708,950.882,0.588
pdbs/0178.pdb.gz,0.66,827.764,0.626
pdbs/0179.pdb.gz,0.694,716.602,0.523
pdbs/0180.pdb.gz,0.716,830.474,0.535
pdbs/0181.pdb.gz,0.643,823.414,0.64
pdbs/0182.pdb.gz,0.714,870.873,0.569
pdbs/0183.pdb.gz,0.709,862.794,0.588
pdbs/0184.pdb.gz,0.672,825.725,0.604
pdbs/0185.pdb.gz,0.645,774.642,0.681
pdbs/0186.pdb.gz,0.738,911.511,0.548
pdbs/0187.pdb.gz,0.628,936.927,0.673
pdbs/0188.pdb.gz,0.744,788.563,0.523
pdbs/0189.pdb.gz,0.558,1000.746,0.802
pdbs/0190.pdb.gz,0.691,752.989,0.616
pdbs/0191.pdb.gz,0.613,825.657,0.692
pdbs/0192.pdb.gz,0.752,815.582,0.509
pdbs/0193.pdb.gz,0.703,912.469,0.594
pdbs/0194.pdb.gz,0.56,955.112,0.734
pdbs/0195.pdb.gz,0.653,905.546,0.722
pdbs/0196.pdb.gz,0.749,827.107,0.498
pdbs/0197.pdb.gz,0.724,899.525,0.577
pdbs/0198.pdb.gz,0.794,712.896,0.414
pdbs/0199.pdb.gz,0.708,873.02,0.55
pdbs/0200.pdb.gz,0.72,903.704,0.581
pdbs/0201.pdb.gz,0.496,766.375,0.933
pdbs/0202.pdb.gz,0.687,898.047,0.58
pdbs/0203.pdb.gz,0.702,942.608,0.563
pdbs/0204.pdb.gz,0.717,925.16,0.554
pdbs/0205.pdb.gz,0.678,826.149,0.559
pdbs/0206.pdb.gz,0.723,899.249,0.579
pdbs/0207.pdb.gz,0.667,889.17,0.59
pdbs/0208.pdb.gz,0.686,715.826,0.491
pdbs/0209.pdb.gz,0.624,973.357,0.661
pdbs/0210.pdb.gz,0.609,660.758,0.619
pdbs/0211.pdb.gz,0.685,872.598,0.642
pdbs/0212.pdb.gz,0.664,975.932,0.663
pdbs/0213.pdb.gz,0.606,913.37,0.635
pdbs/0214.pdb.gz,0.645,846.453,0.644
pdbs/0215.pdb.gz,0.764,819.427,0.502
pdbs/0216.pdb.gz,0.662,788.513,0.618
pdbs/0217.pdb.gz,0.642,806.511,0.683
pdbs/0218.pdb.gz,0.619,886.022,0.743
pdbs/0219.pdb.gz,0.67,847.79,0.664
pdbs/0220.pdb.gz,0.733,758.88,0.537
pdbs/0221.pdb.gz,0.624,947.739,0.707
pdbs/0222.pdb.gz,0.76,926.049,0.482
pdbs/0223.pdb.gz,0.724,893.688,0.556
pdbs/0224.pdb.gz,0.554,851.275,0.776
pdbs/0225.pdb.gz,0.53,793.954,0.824
pdbs/0226.pdb.gz,0.595,686.642,0.636
pdbs/0227.pdb.gz,0.713,816.698,0.581
pdbs/0228.pdb.gz,0.639,916.046,0.711
pdbs/0229.pdb.gz,0.658,920.454,0.638
pdbs/0230.pdb.gz,0.632,828.654,0.665
pdbs/0231.pdb.gz,0.604,1013.164,0.734
pdbs/0232.pdb.gz,0.655,770.297,0.611
pdbs/0233.pdb.gz,0.75,921.401,0.506
pdbs/0234.pdb.gz,0.699,904.712,0.619
pdbs/0235.pdb.gz,0.614,861.738,0.666
pdbs/0236.pdb.gz,0.621,1021.277,0.687
pdbs/0237.pdb.gz,0.764,810.465,0.498
pdbs/0238.pdb.gz,0.655,941.104,0.681
pdbs/0239.pdb.gz,0.649,906.024,0.653
pdbs/0240.pdb.gz,0.68,846.016,0.616
pdbs/0241.pdb.gz,0.735,908.017,0.505
pdbs/0242.pdb.gz,0.684,868.999,0.657
pdbs/0243.pdb.gz,0.518,933.052,0.873
pdbs/0244.pdb.gz,0.73,912.257,0.517
pdbs/0245.pdb.gz,0.562,936.572,0.845
pdbs/0246.pdb.gz,0.686,853.118,0.6
pdbs/0247.pdb.gz,0.668,852.037,0.617
pdbs/0248.pdb.gz,0.71,941.43,0.552
pdbs/0249.pdb.gz,0.748,853.879,0.501
pdbs/0250.pdb.gz,0.718,917.818,0.555
pdbs/0251.pdb.gz,0.628,834.267,0.659
pdbs/0252.pdb.gz,0.677,787.391,0.617
pdbs/0253.pdb.gz,0.687,817.792,0.633
pdbs/0254.pdb.gz,0.638,925.391,0.647
pdbs/0255.pdb.gz,0.697,914.336,0.487
pdbs/0256.pdb.gz,0.666,662.926,0.565
pdbs/0257.pdb.gz,0.796,664.614,0.406
pdbs/0258.pdb.gz,0.704,679.069,0.541
pdbs/0259.pdb.gz,0.676,945.352,0.629
pdbs/0260.pdb.gz,0.707,851.281,0.532
pdbs/0261.pdb.gz,0.618,922.763,0.707
pdbs/0262.pdb.gz,0.704,842.552,0.567
pdbs/0263.pdb.gz,0.676,879.882,0.613
pdbs/0264.pdb.gz,0.618,924.413,0.763
pdbs/0265.pdb.gz,0.526,860.823,0.867
pdbs/0266.pdb.gz,0.653,821.098,0.719
pdbs/0267.pdb.gz,0.695,801.617,0.594
pdbs/0268.pdb.gz,0.655,952.38,0.682
pdbs/0269.pdb.gz,0.702,716.669,0.504
pdbs/0270.pdb.gz,0.647,891.87,0.648
pdbs/0271.pdb.gz,0.627,797.117,0.686
pdbs/0272.pdb.gz,0.557,784.978,0.729
pdbs/0273.pdb.gz,0.675,837.014,0.634
pdbs/0274.pdb.gz,0.683,907.664,0.598
pdbs/0275.pdb.gz,0.63,905.703,0.686
pdbs/0276.pdb.gz,0.672,940.33,0.683
pdbs/0277.pdb.gz,0.665,947.599,0.636
pdbs/0278.pdb.gz,0.65,975.352,0.625
pdbs/0279.pdb.gz,0.686,954.793,0.602
pdbs/0280.pdb.gz,0.752,825.873,0.459
pdbs/0281.pdb.gz,0.68,880.631,0.571
pdbs/0282.pdb.gz,0.582,938.665,0.823
pdbs/0283.pdb.gz,0.688,966.346,0.62
pdbs/0284.pdb.gz,0.608,873.253,0.742
pdbs/0285.pdb.gz,0.648,895.792,0.672
pdbs/0286.pdb.gz,0.641,897.974,0.598
pdbs/0287.pdb.gz,0.72,919.781,0.541
pdbs/0288.pdb.gz,0.611,915.792,0.786
pdbs/0289.pdb.gz,0.56,1002.793,0.645
pdbs/0290.pdb.gz,0.698,872.913,0.59
pdbs/0291.pdb.gz,0.624,840.459,0.708
pdbs/0292.pdb.gz,0.685,973.557,0.61
pdbs/0293.pdb.gz,0.714,778.925,0.562
pdbs/0294.pdb.gz,0.723,837.226,0.573
pdbs/0295.pdb.gz,0.669,950.9,0.596
pdbs/0296.pdb.gz,0.714,903.205,0.594
pdbs/0297.pdb.gz,0.655,882.317,0.661
pdbs/0298.pdb.gz,0.752,906.195,0.551
pdbs/0299.pdb.gz,0.705,881.76,0.532
pdbs/0300.pdb.gz,0.727,759.063,0.551
pdbs/0301.pdb.gz,0.644,950.831,0.681
pdbs/0302.pdb.gz,0.678,775.788,0.593
pdbs/0303.pdb.gz,0.679,868.409,0.614
pdbs/0304.pdb.gz,0.66,920.983,0.611
pdbs/0305.pdb.gz,0.557,934.751,0.783
pdbs/0306.pdb.gz,0.695,912.879,0.596
pdbs/0307.pdb.gz,0.671,832.762,0.645
pdbs/0308.pdb.gz,0.741,822.244,0.53
pdbs/0309.pdb.gz,0.68,853.921,0.636
pdbs/0310.pdb.gz,0.686,926.094,0.607
pdbs/0311.pdb.gz,0.719,866.627,0.535
pdbs/0312.pdb.gz,0.732,871.791,0.521
pdbs/0313.pdb.gz,0.671,844.264,0.605
pdbs/0314.pdb.gz,0.733,739.97,0.543
pdbs/0315.pdb.gz,0.747,695.568,0.465
pdbs/0316.pdb.gz,0.639,854.129,0.677
pdbs/0317.pdb.gz,0.683,858.651,0.547
pdbs/0318.pdb.gz,0.592,867.924,0.773
pdbs/0319.pdb.gz,0.651,896.15,0.604
pdbs/0320.pdb.gz,0.567,700.254,0.698
pdbs/0321.pdb.gz,0.701,816.972,0.612
pdbs/0322.pdb.gz,0.546,919.717,0.815
pdbs/0323.pdb.gz,0.663,777.642,0.665
pdbs/0324.pdb.gz,0.686,819.139,0.603
pdbs/0325.pdb.gz,0.578,891.261,0.679
pdbs/0326.pdb.gz,0.691,885.501,0.632
pdbs/0327.pdb.gz,0.694,892.986,0.564
pdbs/0328.pdb.gz,0.707,905.435,0.519
pdbs/0329.pdb.gz,0.655,1016.4,0.685
pdbs/0330.pdb.gz,0.757,815.337,0.444
pdbs/0331.pdb.gz,0.673,773.426,0.574
pdbs/0332.pdb.gz,0.765,811.269,0.501
pdbs/0333.pdb.gz,0.694,851.618,0.53
pdbs/0334.pdb.gz,0.741,795.302,0.45
pdbs/0335.pdb.gz,0.692,935.299,0.592
pdbs/0336.pdb.gz,0.708,888.897,0.624
pdbs/0337.pdb.gz,0.656,912.158,0.609
pdbs/0338.pdb.gz,0.588,766.483,0.737
pdbs/0339.pdb.gz,0.58,790.583,0.727
pdbs/0340.pdb.gz,0.728,897.575,0.458
pdbs/0341.pdb.gz,0.436,1049.108,0.981
pdbs/0342.pdb.gz,0.64,765.74,0.581
pdbs/0343.pdb.gz,0.65,913.13,0.684
pdbs/0344.pdb.gz,0.629,902.106,0.643
pdbs/0345.pdb.gz,0.621,901.645,0.661
pdbs/0346.pdb.gz,0.679,986.496,0.665
pdbs/0347.pdb.gz,0.704,817.14,0.556
pdbs/0348.pdb.gz,0.627,983.095,0.656
pdbs/0349.pdb.gz,0.651,847.012,0.661
pdbs/0350.pdb.gz,0.64,842.197,0.705
pdbs/0351.pdb.gz,0.688,884.696,0.596
pdbs/0352.pdb.gz,0.718,835.404,0.521
pdbs/0353.pdb.gz,0.672,800.141,0.653
pdbs/0354.pdb.gz,0.713,890.659,0.531
pdbs/0355.pdb.gz,0.678,889.199,0.563
pdbs/0356.pdb.gz,0.721,919.418,0.6
pdbs/0357.pdb.gz,0.607,884.236,0.702
pdbs/0358.pdb.gz,0.747,875.195,0.478
pdbs/0359.pdb.gz,0.699,910.996,0.499
pdbs/0360.pdb.gz,0.78,820.536,0.447
pdbs/0361.pdb.gz,0.726,844.898,0.501
pdbs/0362.pdb.gz,0.594,983.24,0.672
pdbs/0363.pdb.gz,0.547,902.193,0.72
pdbs/0364.pdb.gz,0.598,868.97,0.715
pdbs/0365.pdb.gz,0.674,831.589,0.615
pdbs/0366.pdb.gz,0.619,847.896,0.625
pdbs/0367.pdb.gz,0.64,856.016,0.655
pdbs/0368.pdb.gz,0.64,861.878,0.596
pdbs/0369.pdb.gz,0.704,911.042,0.566
pdbs/0370.pdb.gz,0.66,842.971,0.632
pdbs/0371.pdb.gz,0.565,936.909,0.654
pdbs/0372.pdb.gz,0.732,877.291,0.539
pdbs/0373.pdb.gz,0.652,791.47,0.69
pdbs/0374.pdb.gz,0.748,783.32,0.489
pdbs/0375.pdb.gz,0.725,842.168,0.514
pdbs/0376.pdb.gz,0.681,817.334,0.574
pdbs/0377.pdb.gz,0.671,701.262,0.651
pdbs/0378.pdb.gz,0.736,767.618,0.456
pdbs/0379.pdb.gz,0.807,690.332,0.387
pdbs/0380.pdb.gz,0.733,828.887,0.546
pdbs/0381.pdb.gz,0.67,923.116,0.679
pdbs/0382.pdb.gz,0.728,905.299,0.539
pdbs/0383.pdb.gz,0.677,762.591,0.63
pdbs/0384.pdb.gz,0.627,936.222,0.678
pdbs/0385.pdb.gz,0.648,821.255,0.623
pdbs/0386.pdb.gz,0.71,925.09,0.538
pdbs/0387.pdb.gz,0.686,882.044,0.623
pdbs/0388.pdb.gz,0.669,896.334,0.612
pdbs/0389.pdb.gz,0.732,817.537,0.541
pdbs/0390.pdb.gz,0.718,885.562,0.61
pdbs/0391.pdb.gz,0.681,908.244,0.639
pdbs/0392.pdb.gz,0.567,912.752,0.783
pdbs/0393.pdb.gz,0.653,845.162,0.665
pdbs/0394.pdb.gz,0.756,779.096,0.527
pdbs/0395.pdb.gz,0.693,872.445,0.608
pdbs/0396.pdb.gz,0.664,934.856,0.686
pdbs/0397.pdb.gz,0.569,973.44,0.74
pdbs/0398.pdb.gz,0.67,851.59,0.708
pdbs/0399.pdb.gz,0.671,969.882,0.616
pdbs/0400.pdb.gz,0.695,927.122,0.58
pdbs/0401.pdb.gz,0.673,861.447,0.637
pdbs/0402.pdb.gz,0.752,825.648,0.472
pdbs/0403.pdb.gz,0.659,836.798,0.667
pdbs/0404.pdb.gz,0.6,942.659,0.625
pdbs/0405.pdb.gz,0.665,774.383,0.629
pdbs/0406.pdb.gz,0.704,907.227,0.574
pdbs/0407.pdb.gz,0.733,898.804,0.58
pdbs/0408.pdb.gz,0.638,901.517,0.643
pdbs/0409.pdb.gz,0.64,834.794,0.707
pdbs/0410.pdb.gz,0.658,850.613,0.627
pdbs/0411.pdb.gz,0.713,875.353,0.536
pdbs/0412.pdb.gz,0.717,873.729,0.629
pdbs/0413.pdb.gz,0.643,977.114,0.708
pdbs/0414.pdb.gz,0.676,916.17,0.635
pdbs/0415.pdb.gz,0.638,741.64,0.653
pdbs/0416.pdb.gz,0.688,951.623,0.581
pdbs/0417.pdb.gz,0.629,943.864,0.755
pdbs/0418.pdb.gz,0.725,418.03,0.437
pdbs/0419.pdb.gz,0.574,781.625,0.758
pdbs/0420.pdb.gz,0.652,909.778,0.654
pdbs/0421.pdb.gz,0.701,861.287,0.551
pdbs/0422.pdb.gz,0.64,898.012,0.704
pdbs/0423.pdb.gz,0.679,878.277,0.575
pdbs/0424.pdb.gz,0.693,783.271,0.546
pdbs/0425.pdb.gz,0.631,911.597,0.679
pdbs/0426.pdb.gz,0.657,858.428,0.706
pdbs/0427.pdb.gz,0.65,880.78,0.675
pdbs/0428.pdb.gz,0.618,911.695,0.667
pdbs/0429.pdb.gz,0.707,855.54,0.577
pdbs/0430.pdb.gz,0.713,871.963,0.588
pdbs/0431.pdb.gz,0.646,875.635,0.566
pdbs/0432.pdb.gz,0.723,781.467,0.469
pdbs/0433.pdb.gz,0.599,987.929,0.722
pdbs/0434.pdb.gz,0.735,852.22,0.537
pdbs/0435.pdb.gz,0.739,930.678,0.501
pdbs/0436.pdb.gz,0.738,873.978,0.564
pdbs/0437.pdb.gz,0.693,817.098,0.51
pdbs/0438.pdb.gz,0.631,852.693,0.674
pdbs/0439.pdb.gz,0.633,863.862,0.702
pdbs/0440.pdb.gz,0.605,900.92,0.712
pdbs/0441.pdb.gz,0.609,891.95,0.677
pdbs/0442.pdb.gz,0.685,839.706,0.593
pdbs/0443.pdb.gz,0.719,813.129,0.558
pdbs/0444.pdb.gz,0.579,843.805,0.78
pdbs/0445.pdb.gz,0.661,722.05,0.632
pdbs/0446.pdb.gz,0.739,728.461,0.54
pdbs/0447.pdb.gz,0.713,838.251,0.547
pdbs/0448.pdb.gz,0.642,860.138,0.651
pdbs/0449.pdb.gz,0.662,927.745,0.6
pdbs/0450.pdb.gz,0.629,353.015,0.655
pdbs/0451.pdb.gz,0.632,808.851,0.647
pdbs/0452.pdb.gz,0.647,881.051,0.62
pdbs/0453.pdb.gz,0.594,954.718,0.751
pdbs/0454.pdb.gz,0.533,903.271,0.766
pdbs/0455.pdb.gz,0.573,915.924,0.814
pdbs/0456.pdb.gz,0.73,903.645,0.559
pdbs/0457.pdb.gz,0.593,884.825,0.716
pdbs/0458.pdb.gz,0.707,993.602,0.55
pdbs/0459.pdb.gz,0.715,938.074,0.589
pdbs/0460.pdb.gz,0.69,855.15,0.57
pdbs/0461.pdb.gz,0.74,900.026,0.537
pdbs/0462.pdb.gz,0.634,836.235,0.634
pdbs/0463.pdb.gz,0.675,733.223,0.576
pdbs/0464.pdb.gz,0.669,955.008,0.649
pdbs/0465.pdb.gz,0.674,838.777,0.58
pdbs/0466.pdb.gz,0.683,816.757,0.636
pdbs/0467.pdb.gz,0.743,826.905,0.507
pdbs/0468.pdb.gz,0.567,905.905,0.76
pdbs/0469.pdb.gz,0.68,895.799,0.641
pdbs/0470.pdb.gz,0.641,791.953,0.621
pdbs/0471.pdb.gz,0.691,809.699,0.641
pdbs/0472.pdb.gz,0.587,848.308,0.718
pdbs/0473.pdb.gz,0.647,805.118,0.667
pdbs/0474.pdb.gz,0.644,812.935,0.679
pdbs/0475.pdb.gz,0.742,906.54,0.499
pdbs/0476.pdb.gz,0.645,875.379,0.631
pdbs/0477.pdb.gz,0.678,869.778,0.59
pdbs/0478.pdb.gz,0.609,760.173,0.712
pdbs/0479.pdb.gz,0.649,906.468,0.651
pdbs/0480.pdb.gz,0.713,869.793,0.637
pdbs/0481.pdb.gz,0.637,918.673,0.679
pdbs/0482.pdb.gz,0.649,878.314,0.654
pdbs/0483.pdb.gz,0.646,900.294,0.646
pdbs/0484.pdb.gz,0.682,892.566,0.63
pdbs/0485.pdb.gz,0.671,894.902,0.703
pdbs/0486.pdb.gz,0.746,869.605,0.517
pdbs/0487.pdb.gz,0.661,814.969,0.662
pdbs/0488.pdb.gz,0.633,823.619,0.614
pdbs/0489.pdb.gz,0.739,857.532,0.483
pdbs/0490.pdb.gz,0.74,891.959,0.473
pdbs/0491.pdb.gz,0.682,868.869,0.572
pdbs/0492.pdb.gz,0.677,896.182,0.595
pdbs/0493.pdb.gz,0.711,865.932,0.555
pdbs/0494.pdb.gz,0.643,938.394,0.656
pdbs/0495.pdb.gz,0.638,851.276,0.63
pdbs/0496.pdb.gz,0.702,901.652,0.59
pdbs/0497.pdb.gz,0.705,933.419,0.586
pdbs/0498.pdb.gz,0.717,910.053,0.6
pdbs/0499.pdb.gz,0.639,935.114,0.725
pdbs/0500.pdb.gz,0.717,878.911,0.598
pdbs/0501.pdb.gz,0.694,902.231,0.619
pdbs/0502.pdb.gz,0.68,870.514,0.566
pdbs/0503.pdb.gz,0.521,1044.23,0.758
pdbs/0504.pdb.gz,0.684,831.38,0.602
pdbs/0505.pdb.gz,0.631,651.183,0.605
pdbs/0506.pdb.gz,0.704,855.454,0.55
pdbs/0507.pdb.gz,0.677,887.011,0.589
pdbs/0508.pdb.gz,0.703,870.652,0.527
pdbs/0509.pdb.gz,0.617,842.028,0.676
pdbs/0510.pdb.gz,0.562,925.391,0.82
pdbs/0511.pdb.gz,0.709,612.755,0.522
pdbs/0512.pdb.gz,0.674,867.287,0.61
pdbs/0513.pdb.gz,0.652,842.504,0.671
pdbs/0514.pdb.gz,0.718,880.694,0.568
pdbs/0515.pdb.gz,0.655,872.874,0.641
pdbs/0516.pdb.gz,0.595,919.15,0.822
pdbs/0517.pdb.gz,0.54,956.228,0.799
pdbs/0518.pdb.gz,0.756,819.576,0.531
pdbs/0519.pdb.gz,0.705,840.924,0.589
pdbs/0520.pdb.gz,0.643,931.661,0.665
pdbs/0521.pdb.gz,0.615,1018.185,0.687
pdbs/0522.pdb.gz,0.654,808.906,0.559
pdbs/0523.pdb.gz,0.537,904.284,0.819
pdbs/0524.pdb.gz,0.613,943.682,0.602
pdbs/0525.pdb.gz,0.628,870.745,0.73
pdbs/0526.pdb.gz,0.585,834.271,0.756
pdbs/0527.pdb.gz,0.704,829.884,0.443
pdbs/0528.pdb.gz,0.696,914.323,0.59
pdbs/0529.pdb.gz,0.657,948.827,0.673
pdbs/0530.pdb.gz,0.757,841.047,0.537
pdbs/0531.pdb.gz,0.658,883.925,0.689
pdbs/0532.pdb.gz,0.53,963.542,0.879
pdbs/0533.pdb.gz,0.56,960.121,0.847
pdbs/0534.pdb.gz,0.629,946.683,0.674
pdbs/0535.pdb.gz,0.694,789.835,0.557
pdbs/0536.pdb.gz,0.604,835.427,0.632
pdbs/0537.pdb.gz,0.584,926.176,0.779
pdbs/0538.pdb.gz,0.747,809.327,0.505
pdbs/0539.pdb.gz,0.668,822.424,0.66
pdbs/0540.pdb.gz,0.603,808.099,0.718
pdbs/0541.pdb.gz,0.648,895.568,0.667
pdbs/0542.pdb.gz,0.646,843.28,0.648
pdbs/0543.pdb.gz,0.754,788.98,0.486
pdbs/0544.pdb.gz,0.576,948.49,0.808
pdbs/0545.pdb.gz,0.748,833.39,0.504
pdbs/0546.pdb.gz,0.554,920.369,0.781
pdbs/0547.pdb.gz,0.734,879.246,0.498
pdbs/0548.pdb.gz,0.55,830.519,0.74
pdbs/0549.pdb.gz,0.676,882.583,0.644
pdbs/0550.pdb.gz,0.716,862.79,0.53
pdbs/0551.pdb.gz,0.68,837.472,0.614
pdbs/0552.pdb.gz,0.691,815.902,0.613
pdbs/0553.pdb.gz,0.715,855.14,0.533
pdbs/0554.pdb.gz,0.665,745.075,0.647
pdbs/0555.pdb.gz,0.627,729.888,0.646
pdbs/0556.pdb.gz,0.633,883.321,0.675
pdbs/0557.pdb.gz,0.654,919.291,0.619
pdbs/0558.pdb.gz,0.588,959.482,0.808
pdbs/0559.pdb.gz,0.63,866.159,0.625
pdbs/0560.pdb.gz,0.665,869.024,0.676
pdbs/0561.pdb.gz,0.67,913.635,0.639
pdbs/0562.pdb.gz,0.586,933.486,0.728
pdbs/0563.pdb.gz,0.72,845.306,0.518
pdbs/0564.pdb.gz,0.662,871.222,0.59
pdbs/0565.pdb.gz,0.697,885.451,0.579
pdbs/0566.pdb.gz,0.699,887.093,0.623
pdbs/0567.pdb.gz,0.646,1001.95,0.657
pdbs/0568.pdb.gz,0.688,948.602,0.571
pdbs/0569.pdb.gz,0.634,855.904,0.679
pdbs/0570.pdb.gz,0.676,873.558,0.618
pdbs/0571.pdb.gz,0.661,810.467,0.665
pdbs/0572.pdb.gz,0.677,873.183,0.63
pdbs/0573.pdb.gz,0.747,826.295,0.533
pdbs/0574.pdb.gz,0.736,803.197,0.485
pdbs/0575.pdb.gz,0.614,864.403,0.676
pdbs/0576.pdb.gz,0.694,899.437,0.625
pdbs/0577.pdb.gz,0.71,856.133,0.533
pdbs/0578.pdb.gz,0.666,902.11,0.652
pdbs/0579.pdb.gz,0.682,829.787,0.63
pdbs/0580.pdb.gz,0.679,862.071,0.635
pdbs/0581.pdb.gz,0.674,751.511,0.575
pdbs/0582.pdb.gz,0.654,1020.924,0.598
pdbs/0583.pdb.gz,0.535,867.835,0.798
pdbs/0584.pdb.gz,0.588,865.403,0.719
pdbs/0585.pdb.gz,0.685,878.35,0.636
pdbs/0586.pdb.gz,0.759,868.323,0.507
pdbs/0587.pdb.gz,0.741,812.915,0.566
pdbs/0588.pdb.gz,0.663,892.961,0.653
pdbs/0589.pdb.gz,0.589,892.155,0.634
pdbs/0590.pdb.gz,0.791,847.585,0.425
pdbs/0591.pdb.gz,0.666,827.154,0.576
pdbs/0592.pdb.gz,0.69,896.516,0.604
pdbs/0593.pdb.gz,0.617,924.93,0.735
pdbs/0594.pdb.gz,0.576,996.067,0.774
pdbs/0595.pdb.gz,0.713,866.998,0.597
pdbs/0596.pdb.gz,0.699,848.455,0.615
pdbs/0597.pdb.gz,0.583,742.284,0.646
pdbs/0598.pdb.gz,0.633,925.168,0.666
pdbs/0599.pdb.gz,0.755,800.305,0.472
pdbs/0600.pdb.gz,0.654,808.289,0.673
pdbs/0601.pdb.gz,0.722,852.435,0.521
pdbs/0602.pdb.gz,0.745,893.59,0.542
pdbs/0603.pdb.gz,0.728,790.688,0.529
pdbs/0604.pdb.gz,0.659,977.504,0.625
pdbs/0605.pdb.gz,0.611,909.0,0.689
pdbs/0606.pdb.gz,0.633,914.153,0.681
pdbs/0607.pdb.gz,0.63,806.135,0.607
pdbs/0608.pdb.gz,0.658,910.09,0.626
pdbs/0609.pdb.gz,0.549,914.212,0.706
pdbs/0610.pdb.gz,0.659,893.684,0.639
pdbs/0611.pdb.gz,0.672,900.717,0.607
pdbs/0612.pdb.gz,0.653,821.455,0.625
pdbs/0613.pdb.gz,0.614,917.746,0.758
pdbs/0614.pdb.gz,0.655,901.158,0.603
pdbs/0615.pdb.gz,0.76,861.213,0.503
pdbs/0616.pdb.gz,0.727,744.139,0.481
pdbs/0617.pdb.gz,0.698,884.554,0.539
pdbs/0618.pdb.gz,0.632,793.678,0.741
pdbs/0619.pdb.gz,0.647,768.809,0.711
pdbs/0620.pdb.gz,0.569,870.793,0.79
pdbs/0621.pdb.gz,0.72,834.426,0.556
pdbs/0622.pdb.gz,0.653,753.05,0.632
pdbs/0623.pdb.gz,0.626,808.535,0.718
pdbs/0624.pdb.gz,0.527,875.284,0.765
pdbs/0625.pdb.gz,0.657,883.857,0.696
pdbs/0626.pdb.gz,0.629,970.287,0.733
pdbs/0627.pdb.gz,0.736,896.051,0.521
pdbs/0628.pdb.gz,0.563,918.894,0.712
pdbs/0629.pdb.gz,0.678,870.156,0.578
pdbs/0630.pdb.gz,0.634,946.021,0.648
pdbs/0631.pdb.gz,0.613,721.286,0.599
pdbs/0632.pdb.gz,0.613,838.738,0.697
pdbs/0633.pdb.gz,0.651,1014.959,0.616
pdbs/0634.pdb.gz,0.668,766.705,0.568
pdbs/0635.pdb.gz,0.783,875.698,0.4
pdbs/0636.pdb.gz,0.651,898.844,0.643
pdbs/0637.pdb.gz,0.729,838.495,0.526
pdbs/0638.pdb.gz,0.603,850.941,0.692
pdbs/0639.pdb.gz,0.717,948.766,0.579
pdbs/0640.pdb.gz,0.752,846.072,0.525
pdbs/0641.pdb.gz,0.694,784.965,0.531
pdbs/0642.pdb.gz,0.66,855.476,0.649
pdbs/0643.pdb.gz,0.605,787.527,0.725
pdbs/0644.pdb.gz,0.655,903.615,0.671
pdbs/0645.pdb.gz,0.656,875.27,0.648
pdbs/0646.pdb.gz,0.655,781.716,0.651
pdbs/0647.pdb.gz,0.658,956.324,0.639
pdbs/0648.pdb.gz,0.713,938.14,0.565
pdbs/0649.pdb.gz,0.629,760.0,0.603
pdbs/0650.pdb.gz,0.693,818.843,0.598
pdbs/0651.pdb.gz,0.713,863.919,0.554
pdbs/0652.pdb.gz,0.714,869.146,0.578
pdbs/0653.pdb.gz,0.623,966.501,0.699
pdbs/0654.pdb.gz,0.584,886.463,0.753
pdbs/0655.pdb.gz,0.637,907.24,0.66
pdbs/0656.pdb.gz,0.807,850.57,0.44
pdbs/0657.pdb.gz,0.562,820.617,0.803
pdbs/0658.pdb.gz,0.677,892.801,0.662
pdbs/0659.pdb.gz,0.645,939.968,0.661
pdbs/0660.pdb.gz,0.657,915.759,0.672
pdbs/0661.pdb.gz,0.604,938.784,0.734
pdbs/0662.pdb.gz,0.709,757.987,0.594
pdbs/0663.pdb.gz,0.705,724.906,0.539
pdbs/0664.pdb.gz,0.667,859.552,0.625
pdbs/0665.pdb.gz,0.791,818.851,0.404
pdbs/0666.pdb.gz,0.519,884.178,0.833
pdbs/0667.pdb.gz,0.734,829.884,0.448
pdbs/0668.pdb.gz,0.729,806.716,0.54
pdbs/0669.pdb.gz,0.624,948.607,0.677
pdbs/0670.pdb.gz,0.544,882.609,0.763
pdbs/0671.pdb.gz,0.589,825.055,0.671
pdbs/0672.pdb.gz,0.655,913.922,0.682
pdbs/0673.pdb.gz,0.596,818.377,0.783
pdbs/0674.pdb.gz,0.616,953.408,0.761
pdbs/0675.pdb.gz,0.62,954.619,0.707
pdbs/0676.pdb.gz,0.713,768.912,0.538
pdbs/0677.pdb.gz,0.613,887.494,0.754
pdbs/0678.pdb.gz,0.657,865.244,0.601
pdbs/0679.pdb.gz,0.672,839.501,0.614
pdbs/0680.pdb.gz,0.604,1015.72,0.712
pdbs/0681.pdb.gz,0.731,817.281,0.502
pdbs/0682.pdb.gz,0.618,817.113,0.708
pdbs/0683.pdb.gz,0.7,879.991,0.582
pdbs/0684.pdb.gz,0.707,867.276,0.595
pdbs/0685.pdb.gz,0.715,920.969,0.652
pdbs/0686.pdb.gz,0.778,836.864,0.477
pdbs/0687.pdb.gz,0.672,929.49,0.62
pdbs/0688.pdb.gz,0.698,829.03,0.589
pdbs/0689.pdb.gz,0.678,892.26,0.644
pdbs/0690.pdb.gz,0.699,754.871,0.526
pdbs/0691.pdb.gz,0.715,898.699,0.585
pdbs/0692.pdb.gz,0.617,783.011,0.756
pdbs/0693.pdb.gz,0.79,829.253,0.362
pdbs/0694.pdb.gz,0.595,670.653,0.58
pdbs/0695.pdb.gz,0.664,970.905,0.62
pdbs/0696.pdb.gz,0.675,942.209,0.683
pdbs/0697.pdb.gz,0.724,893.709,0.475
pdbs/0698.pdb.gz,0.69,893.356,0.626
pdbs/0699.pdb.gz,0.641,928.717,0.678
pdbs/0700.pdb.gz,0.68,907.011,0.557
pdbs/0701.pdb.gz,0.665,850.849,0.667
pdbs/0702.pdb.gz,0.621,925.014,0.689
pdbs/0703.pdb.gz,0.679,957.101,0.627
pdbs/0704.pdb.gz,0.684,867.946,0.469
pdbs/0705.pdb.gz,0.686,875.675,0.647
pdbs/0706.pdb.gz,0.668,891.018,0.649
pdbs/0707.pdb.gz,0.66,892.702,0.634
pdbs/0708.pdb.gz,0.644,911.147,0.685
pdbs/0709.pdb.gz,0.671,849.144,0.648
pdbs/0710.pdb.gz,0.678,834.455,0.616
pdbs/0711.pdb.gz,0.685,840.09,0.554
pdbs/0712.pdb.gz,0.67,829.839,0.57
pdbs/0713.pdb.gz,0.66,927.717,0.662
pdbs/0714.pdb.gz,0.553,839.744,0.784
pdbs/0715.pdb.gz,0.662,934.082,0.711
pdbs/0716.pdb.gz,0.723,889.406,0.537
pdbs/0717.pdb.gz,0.675,830.625,0.557
pdbs/0718.pdb.gz,0.631,843.253,0.638
pdbs/0719.pdb.gz,0.644,895.874,0.692
pdbs/0720.pdb.gz,0.633,981.833,0.676
pdbs/0721.pdb.gz,0.655,942.318,0.693
pdbs/0722.pdb.gz,0.652,869.615,0.609
pdbs/0723.pdb.gz,0.692,802.13,0.551
pdbs/0724.pdb.gz,0.614,797.69,0.743
pdbs/0725.pdb.gz,0.713,930.214,0.622
pdbs/0726.pdb.gz,0.744,843.715,0.536
pdbs/0727.pdb.gz,0.694,875.708,0.584
pdbs/0728.pdb.gz,0.647,900.282,0.645
pdbs/0729.pdb.gz,0.748,841.48,0.468
pdbs/0730.pdb.gz,0.489,972.186,0.867
pdbs/0731.pdb.gz,0.68,872.645,0.566
pdbs/0732.pdb.gz,0.671,893.04,0.566
pdbs/0733.pdb.gz,0.735,781.514,0.493
pdbs/0734.pdb.gz,0.622,879.411,0.636
pdbs/0735.pdb.gz,0.718,852.167,0.563
pdbs/0736.pdb.gz,0.607,497.605,0.603
pdbs/0737.pdb.gz,0.684,940.619,0.584
pdbs/0738.pdb.gz,0.626,754.596,0.536
pdbs/0739.pdb.gz,0.589,855.83,0.708
pdbs/0740.pdb.gz,0.747,783.714,0.506
pdbs/0741.pdb.gz,0.674,840.651,0.6
pdbs/0742.pdb.gz,0.613,797.661,0.654
pdbs/0743.pdb.gz,0.761,859.846,0.444
pdbs/0744.pdb.gz,0.704,765.997,0.623
pdbs/0745.pdb.gz,0.72,908.917,0.545
pdbs/0746.pdb.gz,0.62,835.154,0.734
pdbs/0747.pdb.gz,0.682,920.224,0.603
pdbs/0748.pdb.gz,0.759,815.403,0.492
pdbs/0749.pdb.gz,0.645,908.219,0.619
pdbs/0750.pdb.gz,0.622,852.824,0.726
pdbs/0751.pdb.gz,0.529,987.837,0.855
pdbs/0752.pdb.gz,0.685,893.023,0.583
pdbs/0753.pdb.gz,0.7,913.861,0.637
pdbs/0754.pdb.gz,0.759,791.791,0.465
pdbs/0755.pdb.gz,0.746,867.333,0.446
pdbs/0756.pdb.gz,0.708,832.591,0.582
pdbs/0757.pdb.gz,0.709,809.459,0.628
pdbs/0758.pdb.gz,0.563,872.081,0.816
pdbs/0759.pdb.gz,0.753,779.177,0.482
pdbs/0760.pdb.gz,0.696,887.211,0.59
pdbs/0761.pdb.gz,0.775,804.032,0.478
pdbs/0762.pdb.gz,0.715,833.27,0.534
pdbs/0763.pdb.gz,0.695,899.399,0.584
pdbs/0764.pdb.gz,0.575,915.897,0.73
pdbs/0765.pdb.gz,0.746,814.682,0.489
pdbs/0766.pdb.gz,0.778,899.011,0.475
pdbs/0767.pdb.gz,0.626,821.188,0.654
pdbs/0768.pdb.gz,0.604,931.289,0.722
pdbs/0769.pdb.gz,0.642,871.072,0.706
pdbs/0770.pdb.gz,0.688,786.393,0.544
pdbs/0771.pdb.gz,0.676,799.312,0.609
pdbs/0772.pdb.gz,0.728,910.728,0.582
pdbs/0773.pdb.gz,0.693,664.414,0.53
pdbs/0774.pdb.gz,0.695,813.788,0.479
pdbs/0775.pdb.gz,0.772,797.641,0.457
pdbs/0776.pdb.gz,0.739,893.189,0.506
pdbs/0777.pdb.gz,0.711,828.805,0.578
pdbs/0778.pdb.gz,0.684,891.863,0.63
pdbs/0779.pdb.gz,0.762,848.562,0.526
pdbs/0780.pdb.gz,0.667,829.945,0.624
pdbs/0781.pdb.gz,0.681,760.486,0.573
pdbs/0782.pdb.gz,0.562,913.224,0.841
pdbs/0783.pdb.gz,0.662,882.262,0.573
pdbs/0784.pdb.gz,0.595,728.506,0.75
pdbs/0785.pdb.gz,0.693,871.672,0.509
pdbs/0786.pdb.gz,0.593,951.833,0.803
pdbs/0787.pdb.gz,0.648,883.464,0.683
pdbs/0788.pdb.gz,0.739,871.919,0.496
pdbs/0789.pdb.gz,0.671,864.85,0.625
pdbs/0790.pdb.gz,0.455,804.583,0.83
pdbs/0791.pdb.gz,0.622,863.551,0.64
pdbs/0792.pdb.gz,0.658,839.249,0.677
pdbs/0793.pdb.gz,0.757,846.072,0.511
pdbs/0794.pdb.gz,0.632,952.779,0.659
pdbs/0795.pdb.gz,0.726,901.926,0.543
pdbs/0796.pdb.gz,0.731,752.195,0.548
pdbs/0797.pdb.gz,0.744,848.52,0.511
pdbs/0798.pdb.gz,0.725,844.105,0.589
pdbs/0799.pdb.gz,0.713,831.332,0.584
pdbs/0800.pdb.gz,0.705,873.326,0.575
pdbs/0801.pdb.gz,0.672,843.282,0.61
pdbs/0802.pdb.gz,0.591,721.249,0.667
pdbs/0803.pdb.gz,0.472,703.412,0.889
pdbs/0804.pdb.gz,0.55,775.188,0.799
pdbs/0805.pdb.gz,0.593,915.347,0.725
pdbs/0806.pdb.gz,0.588,779.913,0.664
pdbs/0807.pdb.gz,0.609,860.039,0.764
pdbs/0808.pdb.gz,0.492,994.595,0.915
pdbs/0809.pdb.gz,0.605,890.628,0.799
pdbs/0810.pdb.gz,0.666,872.55,0.584
pdbs/0811.pdb.gz,0.626,919.274,0.614
pdbs/0812.pdb.gz,0.704,944.831,0.539
pdbs/0813.pdb.gz,0.708,836.461,0.532
pdbs/0814.pdb.gz,0.591,968.509,0.73
pdbs/0815.pdb.gz,0.71,951.4,0.474
pdbs/0816.pdb.gz,0.674,873.315,0.547
pdbs/0817.pdb.gz,0.649,855.908,0.704
pdbs/0818.pdb.gz,0.594,951.736,0.779
pdbs/0819.pdb.gz,0.696,977.138,0.601
pdbs/0820.pdb.gz,0.56,989.308,0.782
pdbs/0821.pdb.gz,0.58,943.884,0.798
pdbs/0822.pdb.gz,0.738,827.202,0.518
pdbs/0823.pdb.gz,0.757,835.419,0.522
pdbs/0824.pdb.gz,0.646,927.687,0.644
pdbs/0825.pdb.gz,0.69,837.481,0.594
pdbs/0826.pdb.gz,0.662,918.821,0.606
pdbs/0827.pdb.gz,0.764,795.481,0.477
pdbs/0828.pdb.gz,0.674,860.731,0.595
pdbs/0829.pdb.gz,0.628,863.215,0.653
pdbs/0830.pdb.gz,0.683,863.15,0.669
pdbs/0831.pdb.gz,0.592,913.383,0.708
pdbs/0832.pdb.gz,0.688,848.857,0.578
pdbs/0833.pdb.gz,0.699,843.53,0.524
pdbs/0834.pdb.gz,0.636,916.042,0.67
pdbs/0835.pdb.gz,0.725,816.421,0.565
pdbs/0836.pdb.gz,0.563,801.422,0.771
pdbs/0837.pdb.gz,0.617,731.516,0.628
pdbs/0838.pdb.gz,0.669,891.316,0.612
pdbs/0839.pdb.gz,0.646,905.777,0.652
pdbs/0840.pdb.gz,0.605,824.555,0.733
pdbs/0841.pdb.gz,0.704,875.888,0.618
pdbs/0842.pdb.gz,0.625,941.246,0.727
pdbs/0843.pdb.gz,0.695,908.748,0.608
pdbs/0844.pdb.gz,0.691,803.4,0.574
pdbs/0845.pdb.gz,0.675,793.166,0.629
pdbs/0846.pdb.gz,0.64,845.532,0.681
pdbs/0847.pdb.gz,0.53,927.122,0.876
pdbs/0848.pdb.gz,0.673,818.301,0.59
pdbs/0849.pdb.gz,0.714,736.093,0.546
pdbs/0850.pdb.gz,0.667,912.91,0.624
pdbs/0851.pdb.gz,0.671,874.338,0.661
pdbs/0852.pdb.gz,0.66,849.429,0.589
pdbs/0853.pdb.gz,0.638,837.986,0.682
pdbs/0854.pdb.gz,0.68,758.775,0.588
pdbs/0855.pdb.gz,0.607,984.407,0.726
pdbs/0856.pdb.gz,0.717,854.511,0.599
pdbs/0857.pdb.gz,0.651,915.269,0.659
pdbs/0858.pdb.gz,0.698,913.395,0.597
pdbs/0859.pdb.gz,0.703,857.405,0.595
pdbs/0860.pdb.gz,0.635,877.609,0.713
pdbs/0861.pdb.gz,0.624,822.186,0.702
pdbs/0862.pdb.gz,0.697,931.485,0.596
pdbs/0863.pdb.gz,0.67,812.084,0.622
pdbs/0864.pdb.gz,0.708,731.517,0.564
pdbs/0865.pdb.gz,0.639,891.937,0.685
pdbs/0866.pdb.gz,0.743,816.48,0.553
pdbs/0867.pdb.gz,0.687,862.592,0.622
pdbs/0868.pdb.gz,0.703,632.864,0.578
pdbs/0869.pdb.gz,0.614,969.968,0.647
pdbs/0870.pdb.gz,0.612,932.247,0.642
pdbs/0871.pdb.gz,0.591,810.966,0.748
pdbs/0872.pdb.gz,0.663,889.258,0.62
pdbs/0873.pdb.gz,0.7,854.546,0.602
pdbs/0874.pdb.gz,0.727,882.216,0.552
pdbs/0875.pdb.gz,0.644,943.874,0.7
pdbs/0876.pdb.gz,0.682,749.614,0.639
pdbs/0877.pdb.gz,0.669,861.689,0.613
pdbs/0878.pdb.gz,0.609,879.937,0.7
pdbs/0879.pdb.gz,0.643,806.942,0.688
pdbs/0880.pdb.gz,0.579,955.888,0.762
pdbs/0881.pdb.gz,0.696,930.228,0.57
pdbs/0882.pdb.gz,0.694,798.277,0.579
pdbs/0883.pdb.gz,0.768,815.312,0.468
pdbs/0884.pdb.gz,0.642,939.685,0.692
pdbs/0885.pdb.gz,0.598,897.395,0.715
pdbs/0886.pdb.gz,0.516,944.366,0.9
pdbs/0887.pdb.gz,0.658,891.374,0.605
pdbs/0888.pdb.gz,0.658,786.902,0.538
pdbs/0889.pdb.gz,0.669,832.802,0.684
pdbs/0890.pdb.gz,0.676,889.164,0.603
pdbs/0891.pdb.gz,0.717,781.526,0.494
pdbs/0892.pdb.gz,0.619,946.815,0.567
pdbs/0893.pdb.gz,0.772,846.14,0.543
pdbs/0894.pdb.gz,0.64,912.959,0.617
pdbs/0895.pdb.gz,0.694,891.439,0.6
pdbs/0896.pdb.gz,0.596,891.293,0.66
pdbs/0897.pdb.gz,0.638,712.695,0.621
pdbs/0898.pdb.gz,0.682,896.042,0.649
pdbs/0899.pdb.gz,0.69,836.161,0.602
pdbs/0900.pdb.gz,0.612,623.566,0.592
pdbs/0901.pdb.gz,0.677,950.613,0.669
pdbs/0902.pdb.gz,0.651,869.754,0.56
pdbs/0903.pdb.gz,0.709,895.281,0.615
pdbs/0904.pdb.gz,0.701,662.484,0.462
pdbs/0905.pdb.gz,0.76,819.824,0.503
pdbs/0906.pdb.gz,0.632,740.105,0.607
pdbs/0907.pdb.gz,0.632,835.423,0.7
pdbs/0908.pdb.gz,0.638,959.228,0.644
pdbs/0909.pdb.gz,0.712,891.026,0.572
pdbs/0910.pdb.gz,0.669,846.258,0.601
pdbs/0911.pdb.gz,0.681,907.097,0.642
pdbs/0912.pdb.gz,0.476,959.01,0.936
pdbs/0913.pdb.gz,0.743,835.482,0.502
pdbs/0914.pdb.gz,0.674,759.115,0.569
pdbs/0915.pdb.gz,0.736,820.384,0.481
pdbs/0916.pdb.gz,0.721,839.946,0.496
pdbs/0917.pdb.gz,0.72,852.56,0.611
pdbs/0918.pdb.gz,0.596,788.331,0.721
pdbs/0919.pdb.gz,0.727,825.138,0.504
pdbs/0920.pdb.gz,0.593,827.431,0.672
pdbs/0921.pdb.gz,0.595,898.836,0.773
pdbs/0922.pdb.gz,0.649,816.451,0.71
pdbs/0923.pdb.gz,0.717,901.002,0.542
pdbs/0924.pdb.gz,0.692,714.946,0.599
pdbs/0925.pdb.gz,0.746,832.633,0.547
pdbs/0926.pdb.gz,0.492,956.625,0.85
pdbs/0927.pdb.gz,0.673,903.675,0.666
pdbs/0928.pdb.gz,0.631,855.094,0.754
pdbs/0929.pdb.gz,0.604,750.4,0.663
pdbs/0930.pdb.gz,0.689,863.687,0.623
pdbs/0931.pdb.gz,0.689,844.231,0.575
pdbs/0932.pdb.gz,0.655,880.62,0.663
pdbs/0933.pdb.gz,0.659,955.821,0.608
pdbs/0934.pdb.gz,0.676,888.715,0.655
pdbs/0935.pdb.gz,0.629,779.519,0.683
pdbs/0936.pdb.gz,0.738,867.765,0.566
pdbs/0937.pdb.gz,0.668,913.96,0.623
pdbs/0938.pdb.gz,0.674,921.046,0.561
pdbs/0939.pdb.gz,0.658,941.672,0.628
pdbs/0940.pdb.gz,0.64,819.203,0.657
pdbs/0941.pdb.gz,0.693,791.585,0.615
pdbs/0942.pdb.gz,0.753,806.004,0.464
pdbs/0943.pdb.gz,0.699,855.945,0.496
pdbs/0944.pdb.gz,0.579,949.669,0.817
pdbs/0945.pdb.gz,0.604,808.323,0.759
pdbs/0946.pdb.gz,0.671,794.431,0.554
pdbs/0947.pdb.gz,0.704,899.079,0.533
pdbs/0948.pdb.gz,0.701,920.154,0.637
pdbs/0949.pdb.gz,0.703,882.691,0.551
pdbs/0950.pdb.gz,0.717,815.256,0.558
pdbs/0951.pdb.gz,0.59,860.406,0.793
pdbs/0952.pdb.gz,0.717,788.544,0.557
pdbs/0953.pdb.gz,0.652,894.464,0.668
pdbs/0954.pdb.gz,0.617,942.04,0.674
pdbs/0955.pdb.gz,0.714,535.55,0.516
pdbs/0956.pdb.gz,0.659,928.912,0.682
pdbs/0957.pdb.gz,0.605,890.336,0.635
pdbs/0958.pdb.gz,0.673,929.805,0.649
pdbs/0959.pdb.gz,0.647,981.377,0.599
pdbs/0960.pdb.gz,0.588,894.361,0.693
pdbs/0961.pdb.gz,0.746,914.22,0.493
pdbs/0962.pdb.gz,0.687,864.068,0.577
pdbs/0963.pdb.gz,0.664,930.485,0.588
pdbs/0964.pdb.gz,0.689,878.634,0.604
pdbs/0965.pdb.gz,0.661,914.309,0.596
pdbs/0966.pdb.gz,0.71,849.866,0.6
pdbs/0967.pdb.gz,0.545,536.241,0.743
pdbs/0968.pdb.gz,0.635,812.414,0.684
pdbs/0969.pdb.gz,0.626,929.478,0.67
pdbs/0970.pdb.gz,0.675,896.394,0.626
pdbs/0971.pdb.gz,0.703,890.796,0.613
pdbs/0972.pdb.gz,0.658,932.926,0.692
pdbs/0973.pdb.gz,0.665,913.868,0.65
pdbs/0974.pdb.gz,0.604,945.152,0.712
pdbs/0975.pdb.gz,0.744,841.749,0.504
pdbs/0976.pdb.gz,0.661,777.982,0.611
pdbs/0977.pdb.gz,0.721,836.648,0.543
pdbs/0978.pdb.gz,0.559,938.914,0.855
pdbs/0979.pdb.gz,0.569,943.463,0.754
pdbs/0980.pdb.gz,0.697,947.598,0.513
pdbs/0981.pdb.gz,0.614,903.75,0.712
pdbs/0982.pdb.gz,0.555,778.308,0.7
pdbs/0983.pdb.gz,0.639,981.981,0.715
pdbs/0984.pdb.gz,0.678,805.777,0.523
pdbs/0985.pdb.gz,0.652,872.917,0.691
pdbs/0986.pdb.gz,0.689,918.545,0.578
pdbs/0987.pdb.gz,0.619,938.335,0.752
pdbs/0988.pdb.gz,0.648,890.055,0.637
pdbs/0989.pdb.gz,0.651,849.435,0.691
pdbs/0990.pdb.gz,0.718,861.764,0.568
pdbs/0991.pdb.gz,0.519,819.908,0.868
pdbs/0992.pdb.gz,0.683,757.975,0.56
pdbs/0993.pdb.gz,0.644,932.242,0.665
pdbs/0994.pdb.gz,0.667,921.266,0.647
pdbs/0995.pdb.gz,0.621,853.746,0.7
pdbs/0996.pdb.gz,0.706,900.945,0.614
pdbs/0997.pdb.gz,0.719,864.221,0.529
pdbs/0998.pdb.gz,0.732,779.949,0.539
pdbs/0999.pdb.gz,0.53,888.388,0.836
pdbs/1000.pdb.gz,0.586,923.499,0.759
pdbs/1001.pdb.gz,0.65,914.911,0.736
pdbs/1002.pdb.gz,0.762,790.194,0.446
pdbs/1003.pdb.gz,0.662,863.116,0.628
pdbs/1004.pdb.gz,0.597,923.412,0.757
pdbs/1005.pdb.gz,0.719,910.995,0.57
pdbs/1006.pdb.gz,0.644,928.092,0.6
pdbs/1007.pdb.gz,0.704,840.896,0.543
pdbs/1008.pdb.gz,0.689,837.234,0.597
pdbs/1009.pdb.gz,0.686,844.648,0.61
pdbs/1010.pdb.gz,0.729,940.783,0.577
pdbs/1011.pdb.gz,0.532,864.385,0.816
pdbs/1012.pdb.gz,0.636,875.882,0.662
pdbs/1013.pdb.gz,0.666,997.551,0.598
pdbs/1014.pdb.gz,0.598,974.729,0.724
pdbs/1015.pdb.gz,0.715,830.001,0.559
pdbs/1016.pdb.gz,0.707,802.721,0.585
pdbs/1017.pdb.gz,0.69,929.453,0.553
pdbs/1018.pdb.gz,0.66,704.99,0.599
pdbs/1019.pdb.gz,0.639,834.135,0.676
pdbs/1020.pdb.gz,0.688,921.165,0.6
pdbs/1021.pdb.gz,0.613,970.706,0.714
pdbs/1022.pdb.gz,0.754,835.933,0.464
pdbs/1023.pdb.gz,0.731,793.816,0.451
pdbs/1024.pdb.gz,0.657,849.609,0.605
pdbs/1025.pdb.gz,0.694,937.447,0.63
pdbs/1026.pdb.gz,0.678,867.266,0.603
pdbs/1027.pdb.gz,0.517,832.249,0.845
pdbs/1028.pdb.gz,0.705,879.162,0.589
pdbs/1029.pdb.gz,0.729,552.71,0.478
pdbs/1030.pdb.gz,0.683,874.521,0.572
pdbs/1031.pdb.gz,0.553,891.749,0.841
pdbs/1032.pdb.gz,0.697,994.522,0.546
pdbs/1033.pdb.gz,0.645,877.849,0.635
pdbs/1034.pdb.gz,0.661,947.118,0.59
pdbs/1035.pdb.gz,0.716,971.509,0.648
pdbs/1036.pdb.gz,0.738,840.207,0.463
pdbs/1037.pdb.gz,0.673,949.499,0.63
pdbs/1038.pdb.gz,0.685,844.664,0.598
pdbs/1039.pdb.gz,0.728,885.187,0.591
pdbs/1040.pdb.gz,0.707,879.412,0.546
pdbs/1041.pdb.gz,0.581,821.361,0.699
pdbs/1042.pdb.gz,0.653,874.612,0.658
pdbs/1043.pdb.gz,0.553,956.18,0.765
pdbs/1044.pdb.gz,0.707,883.273,0.602
pdbs/1045.pdb.gz,0.49,615.718,0.898
pdbs/1046.pdb.gz,0.696,655.457,0.585
pdbs/1047.pdb.gz,0.561,953.325,0.84
pdbs/1048.pdb.gz,0.668,780.74,0.593
pdbs/1049.pdb.gz,0.718,908.761,0.584
pdbs/1050.pdb.gz,0.697,907.112,0.588
pdbs/1051.pdb.gz,0.693,848.298,0.574
pdbs/1052.pdb.gz,0.638,824.748,0.727
pdbs/1053.pdb.gz,0.623,904.39,0.699
pdbs/1054.pdb.gz,0.762,846.427,0.482
pdbs/1055.pdb.gz,0.684,832.371,0.568
pdbs/1056.pdb.gz,0.768,843.387,0.477
pdbs/1057.pdb.gz,0.757,828.99,0.493
pdbs/1058.pdb.gz,0.564,958.712,0.796
pdbs/1059.pdb.gz,0.766,761.17,0.515
pdbs/1060.pdb.gz,0.702,734.676,0.577
pdbs/1061.pdb.gz,0.633,865.081,0.518
pdbs/1062.pdb.gz,0.687,824.563,0.564
pdbs/1063.pdb.gz,0.674,958.135,0.619
pdbs/1064.pdb.gz,0.756,812.459,0.388
pdbs/1065.pdb.gz,0.644,970.842,0.655
pdbs/1066.pdb.gz,0.473,894.319,0.788
pdbs/1067.pdb.gz,0.639,782.826,0.672
pdbs/1068.pdb.gz,0.66,774.975,0.664
pdbs/1069.pdb.gz,0.638,903.829,0.583
pdbs/1070.pdb.gz,0.69,876.921,0.597
pdbs/1071.pdb.gz,0.77,848.24,0.494
pdbs/1072.pdb.gz,0.668,930.68,0.602
pdbs/1073.pdb.gz,0.559,962.792,0.84
pdbs/1074.pdb.gz,0.618,775.397,0.691
pdbs/1075.pdb.gz,0.615,961.121,0.72
pdbs/1076.pdb.gz,0.63,856.08,0.685
pdbs/1077.pdb.gz,0.611,831.571,0.613
pdbs/1078.pdb.gz,0.621,929.604,0.689
pdbs/1079.pdb.gz,0.64,873.571,0.624
pdbs/1080.pdb.gz,0.645,951.536,0.696
pdbs/1081.pdb.gz,0.583,888.311,0.737
pdbs/1082.pdb.gz,0.607,883.657,0.7
pdbs/1083.pdb.gz,0.599,923.51,0.766
pdbs/1084.pdb.gz,0.657,742.887,0.649
pdbs/1085.pdb.gz,0.605,728.236,0.647
pdbs/1086.pdb.gz,0.75,786.144,0.465
pdbs/1087.pdb.gz,0.668,836.304,0.639
pdbs/1088.pdb.gz,0.672,951.883,0.702
pdbs/1089.pdb.gz,0.599,819.583,0.697
pdbs/1090.pdb.gz,0.714,833.999,0.472
pdbs/1091.pdb.gz,0.603,855.967,0.699
pdbs/1092.pdb.gz,0.699,898.474,0.584
pdbs/1093.pdb.gz,0.579,875.725,0.732
pdbs/1094.pdb.gz,0.713,890.146,0.59
pdbs/1095.pdb.gz,0.649,630.699,0.558
pdbs/1096.pdb.gz,0.662,1014.484,0.568
pdbs/1097.pdb.gz,0.71,844.705,0.583
pdbs/1098.pdb.gz,0.663,964.886,0.613
pdbs/1099.pdb.gz,0.686,944.878,0.599
pdbs/1100.pdb.gz,0.719,861.877,0.55
pdbs/1101.pdb.gz,0.649,902.195,0.635
pdbs/1102.pdb.gz,0.649,924.44,0.682
pdbs/1103.pdb.gz,0.701,844.891,0.563
pdbs/1104.pdb.gz,0.756,859.333,0.482
pdbs/1105.pdb.gz,0.723,829.3,0.57
pdbs/1106.pdb.gz,0.711,886.995,0.568
pdbs/1107.pdb.gz,0.683,903.869,0.613
pdbs/1108.pdb.gz,0.782,883.567,0.512
pdbs/1109.pdb.gz,0.651,840.622,0.672
pdbs/1110.pdb.gz,0.672,860.182,0.644
pdbs/1111.pdb.gz,0.699,849.532,0.567
pdbs/1112.pdb.gz,0.758,858.303,0.489
pdbs/1113.pdb.gz,0.566,591.558,0.672
pdbs/1114.pdb.gz,0.626,788.907,0.644
pdbs/1115.pdb.gz,0.6,833.84,0.664
pdbs/1116.pdb.gz,0.7,844.564,0.537
pdbs/1117.pdb.gz,0.683,813.109,0.581
pdbs/1118.pdb.gz,0.696,905.814,0.584
pdbs/1119.pdb.gz,0.749,838.763,0.477
pdbs/1120.pdb.gz,0.742,832.716,0.537
pdbs/1121.pdb.gz,0.652,871.591,0.586
pdbs/1122.pdb.gz,0.675,918.729,0.645
pdbs/1123.pdb.gz,0.593,926.148,0.732
pdbs/1124.pdb.gz,0.663,827.43,0.638
pdbs/1125.pdb.gz,0.659,888.034,0.594
pdbs/1126.pdb.gz,0.555,831.039,0.749
pdbs/1127.pdb.gz,0.683,920.511,0.578
pdbs/1128.pdb.gz,0.701,948.965,0.587
pdbs/1129.pdb.gz,0.566,963.627,0.835
pdbs/1130.pdb.gz,0.585,940.714,0.721
pdbs/1131.pdb.gz,0.634,855.638,0.721
pdbs/1132.pdb.gz,0.681,857.09,0.581
pdbs/1133.pdb.gz,0.609,1006.155,0.703
pdbs/1134.pdb.gz,0.719,836.723,0.546
pdbs/1135.pdb.gz,0.636,809.04,0.636
pdbs/1136.pdb.gz,0.587,903.964,0.741
pdbs/1137.pdb.gz,0.696,882.043,0.59
pdbs/1138.pdb.gz,0.625,764.243,0.65
pdbs/1139.pdb.gz,0.602,892.364,0.728
pdbs/1140.pdb.gz,0.716,927.583,0.557
pdbs/1141.pdb.gz,0.675,871.867,0.649
pdbs/1142.pdb.gz,0.687,932.244,0.577
pdbs/1143.pdb.gz,0.705,829.554,0.576
pdbs/1144.pdb.gz,0.667,837.174,0.61
pdbs/1145.pdb.gz,0.589,906.593,0.75
pdbs/1146.pdb.gz,0.579,1007.909,0.768
pdbs/1147.pdb.gz,0.74,847.717,0.499
pdbs/1148.pdb.gz,0.728,845.99,0.577
pdbs/1149.pdb.gz,0.7,914.435,0.556
pdbs/1150.pdb.gz,0.657,853.071,0.678
pdbs/1151.pdb.gz,0.735,776.1,0.496
pdbs/1152.pdb.gz,0.582,975.494,0.646
pdbs/1153.pdb.gz,0.654,841.159,0.654
pdbs/1154.pdb.gz,0.585,953.114,0.679
pdbs/1155.pdb.gz,0.583,985.436,0.8
pdbs/1156.pdb.gz,0.654,917.496,0.679
pdbs/1157.pdb.gz,0.693,844.603,0.607
pdbs/1158.pdb.gz,0.581,952.252,0.74
pdbs/1159.pdb.gz,0.679,915.891,0.594
pdbs/1160.pdb.gz,0.661,813.347,0.626
pdbs/1161.pdb.gz,0.717,885.755,0.49
pdbs/1162.pdb.gz,0.731,787.459,0.601
pdbs/1163.pdb.gz,0.587,884.922,0.775
pdbs/1164.pdb.gz,0.666,876.236,0.667
pdbs/1165.pdb.gz,0.696,884.374,0.61
pdbs/1166.pdb.gz,0.668,842.878,0.559
pdbs/1167.pdb.gz,0.733,913.0,0.475
pdbs/1168.pdb.gz,0.722,752.263,0.478
pdbs/1169.pdb.gz,0.678,908.485,0.591
pdbs/1170.pdb.gz,0.53,688.907,0.785
pdbs/1171.pdb.gz,0.622,931.475,0.698
pdbs/1172.pdb.gz,0.637,947.538,0.735
pdbs/1173.pdb.gz,0.725,865.472,0.525
pdbs/1174.pdb.gz,0.645,981.501,0.676
pdbs/1175.pdb.gz,0.728,881.692,0.51
pdbs/1176.pdb.gz,0.661,905.848,0.66
pdbs/1177.pdb.gz,0.733,822.421,0.506
pdbs/1178.pdb.gz,0.687,791.697,0.628
pdbs/1179.pdb.gz,0.693,892.854,0.61
pdbs/1180.pdb.gz,0.67,905.085,0.684
pdbs/1181.pdb.gz,0.661,921.391,0.661
pdbs/1182.pdb.gz,0.645,937.815,0.702
pdbs/1183.pdb.gz,0.707,837.392,0.566
pdbs/1184.pdb.gz,0.689,892.052,0.663
pdbs/1185.pdb.gz,0.523,964.218,0.811
pdbs/1186.pdb.gz,0.558,960.994,0.806
pdbs/1187.pdb.gz,0.732,855.51,0.481
pdbs/1188.pdb.gz,0.693,846.131,0.601
pdbs/1189.pdb.gz,0.66,841.558,0.612
pdbs/1190.pdb.gz,0.655,903.168,0.635
pdbs/1191.pdb.gz,0.72,900.909,0.54
pdbs/1192.pdb.gz,0.743,832.535,0.542
pdbs/1193.pdb.gz,0.58,897.67,0.611
pdbs/1194.pdb.gz,0.703,821.888,0.618
pdbs/1195.pdb.gz,0.72,869.635,0.557
pdbs/1196.pdb.gz,0.577,807.607,0.787
pdbs/1197.pdb.gz,0.541,968.983,0.82
pdbs/1198.pdb.gz,0.618,918.871,0.7
pdbs/1199.pdb.gz,0.661,869.04,0.667
pdbs/1200.pdb.gz,0.751,829.92,0.497
pdbs/1201.pdb.gz,0.677,915.032,0.623
pdbs/1202.pdb.gz,0.649,895.301,0.625
pdbs/1203.pdb.gz,0.726,879.951,0.506
pdbs/1204.pdb.gz,0.728,855.609,0.524
pdbs/1205.pdb.gz,0.69,944.458,0.623
pdbs/1206.pdb.gz,0.605,853.232,0.719
pdbs/1207.pdb.gz,0.597,961.262,0.749
pdbs/1208.pdb.gz,0.671,873.051,0.645
pdbs/1209.pdb.gz,0.723,754.645,0.447
pdbs/1210.pdb.gz,0.721,862.255,0.571
pdbs/1211.pdb.gz,0.668,893.349,0.687
pdbs/1212.pdb.gz,0.756,872.041,0.523
pdbs/1213.pdb.gz,0.581,888.695,0.628
pdbs/1214.pdb.gz,0.61,820.421,0.728
pdbs/1215.pdb.gz,0.574,906.975,0.739
pdbs/1216.pdb.gz,0.744,832.792,0.575
pdbs/1217.pdb.gz,0.568,874.551,0.764
pdbs/1218.pdb.gz,0.55,1004.26,0.813
pdbs/1219.pdb.gz,0.745,822.083,0.486
pdbs/1220.pdb.gz,0.57,660.752,0.672
pdbs/1221.pdb.gz,0.644,948.313,0.632
pdbs/1222.pdb.gz,0.603,978.621,0.729
pdbs/1223.pdb.gz,0.704,820.974,0.619
pdbs/1224.pdb.gz,0.596,804.366,0.759
pdbs/1225.pdb.gz,0.694,869.523,0.571
pdbs/1226.pdb.gz,0.654,882.833,0.639
pdbs/1227.pdb.gz,0.698,934.856,0.587
pdbs/1228.pdb.gz,0.595,953.563,0.636
pdbs/1229.pdb.gz,0.72,628.45,0.412
pdbs/1230.pdb.gz,0.641,914.593,0.694
pdbs/1231.pdb.gz,0.714,839.7,0.547
pdbs/1232.pdb.gz,0.747,888.19,0.486
pdbs/1233.pdb.gz,0.669,881.024,0.637
pdbs/1234.pdb.gz,0.635,817.145,0.743
pdbs/1235.pdb.gz,0.631,799.677,0.651
pdbs/1236.pdb.gz,0.695,881.994,0.553
pdbs/1237.pdb.gz,0.692,818.539,0.572
pdbs/1238.pdb.gz,0.716,938.127,0.557
pdbs/1239.pdb.gz,0.696,853.584,0.565
pdbs/1240.pdb.gz,0.617,973.09,0.697
pdbs/1241.pdb.gz,0.572,913.555,0.758
pdbs/1242.pdb.gz,0.539,748.175,0.845
pdbs/1243.pdb.gz,0.682,837.311,0.618
pdbs/1244.pdb.gz,0.663,913.649,0.67
pdbs/1245.pdb.gz,0.711,860.413,0.53
pdbs/1246.pdb.gz,0.749,783.165,0.506
pdbs/1247.pdb.gz,0.553,908.835,0.845
pdbs/1248.pdb.gz,0.705,880.46,0.51
pdbs/1249.pdb.gz,0.728,858.76,0.544
pdbs/1250.pdb.gz,0.621,908.02,0.695
pdbs/1251.pdb.gz,0.617,879.921,0.695
pdbs/1252.pdb.gz,0.773,821.38,0.445
pdbs/1253.pdb.gz,0.693,917.8,0.657
pdbs/1254.pdb.gz,0.621,874.169,0.729
pdbs/1255.pdb.gz,0.668,932.533,0.618
pdbs/1256.pdb.gz,0.635,943.429,0.63
pdbs/1257.pdb.gz,0.72,791.7,0.55
pdbs/1258.pdb.gz,0.679,876.37,0.636
pdbs/1259.pdb.gz,0.627,928.493,0.76
pdbs/1260.pdb.gz,0.735,928.23,0.54
pdbs/1261.pdb.gz,0.482,992.084,0.969
pdbs/1262.pdb.gz,0.632,814.582,0.694
pdbs/1263.pdb.gz,0.671,794.18,0.598
pdbs/1264.pdb.gz,0.661,813.704,0.605
pdbs/1265.pdb.gz,0.677,856.542,0.608
pdbs/1266.pdb.gz,0.626,838.228,0.663
pdbs/1267.pdb.gz,0.689,938.642,0.558
pdbs/1268.pdb.gz,0.61,894.769,0.788
pdbs/1269.pdb.gz,0.724,847.797,0.463
pdbs/1270.pdb.gz,0.663,926.158,0.61
pdbs/1271.pdb.gz,0.644,948.411,0.661
pdbs/1272.pdb.gz,0.67,860.527,0.593
pdbs/1273.pdb.gz,0.694,929.585,0.612
pdbs/1274.pdb.gz,0.705,831.162,0.521
pdbs/1275.pdb.gz,0.671,627.194,0.576
pdbs/1276.pdb.gz,0.623,990.395,0.683
pdbs/1277.pdb.gz,0.67,889.186,0.599
pdbs/1278.pdb.gz,0.679,869.86,0.646
pdbs/1279.pdb.gz,0.671,865.397,0.618
pdbs/1280.pdb.gz,0.634,974.051,0.667
pdbs/1281.pdb.gz,0.717,898.001,0.603
pdbs/1282.pdb.gz,0.686,936.032,0.583
pdbs/1283.pdb.gz,0.622,890.584,0.585
pdbs/1284.pdb.gz,0.776,814.701,0.436
pdbs/1285.pdb.gz,0.719,836.135,0.564
pdbs/1286.pdb.gz,0.731,810.549,0.519
pdbs/1287.pdb.gz,0.574,991.784,0.73
pdbs/1288.pdb.gz,0.698,888.107,0.493
pdbs/1289.pdb.gz,0.66,797.721,0.574
pdbs/1290.pdb.gz,0.658,869.758,0.576
pdbs/1291.pdb.gz,0.656,931.673,0.674
pdbs/1292.pdb.gz,0.7,806.004,0.593
pdbs/1293.pdb.gz,0.684,904.7,0.63
pdbs/1294.pdb.gz,0.66,931.872,0.657
pdbs/1295.pdb.gz,0.632,948.098,0.594
pdbs/1296.pdb.gz,0.588,904.743,0.769
pdbs/1297.pdb.gz,0.741,815.874,0.491
pdbs/1298.pdb.gz,0.716,812.095,0.572
pdbs/1299.pdb.gz,0.636,860.208,0.651
pdbs/1300.pdb.gz,0.758,846.82,0.505
pdbs/1301.pdb.gz,0.658,881.825,0.649
pdbs/1302.pdb.gz,0.678,967.225,0.61
pdbs/1303.pdb.gz,0.706,887.838,0.567
pdbs/1304.pdb.gz,0.705,749.911,0.555
pdbs/1305.pdb.gz,0.639,736.461,0.727
pdbs/1306.pdb.gz,0.718,853.378,0.515
pdbs/1307.pdb.gz,0.628,850.928,0.711
pdbs/1308.pdb.gz,0.677,952.428,0.629
pdbs/1309.pdb.gz,0.727,932.772,0.522
pdbs/1310.pdb.gz,0.719,815.287,0.531
pdbs/1311.pdb.gz,0.599,898.155,0.766
pdbs/1312.pdb.gz,0.699,890.176,0.636
pdbs/1313.pdb.gz,0.632,761.553,0.642
pdbs/1314.pdb.gz,0.691,876.854,0.559
pdbs/1315.pdb.gz,0.717,802.069,0.456
pdbs/1316.pdb.gz,0.766,809.629,0.432
pdbs/1317.pdb.gz,0.65,831.678,0.549
pdbs/1318.pdb.gz,0.749,861.902,0.48
pdbs/1319.pdb.gz,0.779,777.37,0.434
pdbs/1320.pdb.gz,0.675,917.201,0.656
pdbs/1321.pdb.gz,0.597,906.614,0.705
pdbs/1322.pdb.gz,0.665,993.502,0.618
pdbs/1323.pdb.gz,0.693,952.617,0.61
pdbs/1324.pdb.gz,0.629,851.412,0.589
pdbs/1325.pdb.gz,0.635,1022.0,0.641
pdbs/1326.pdb.gz,0.563,966.709,0.625
pdbs/1327.pdb.gz,0.71,857.486,0.553
pdbs/1328.pdb.gz,0.652,943.543,0.669
pdbs/1329.pdb.gz,0.721,836.61,0.551
pdbs/1330.pdb.gz,0.647,900.458,0.731
pdbs/1331.pdb.gz,0.648,825.043,0.601
pdbs/1332.pdb.gz,0.656,831.008,0.697
pdbs/1333.pdb.gz,0.643,867.23,0.639
pdbs/1334.pdb.gz,0.621,799.87,0.726
pdbs/1335.pdb.gz,0.699,856.796,0.616
pdbs/1336.pdb.gz,0.729,828.544,0.513
pdbs/1337.pdb.gz,0.566,859.109,0.767
pdbs/1338.pdb.gz,0.723,829.944,0.522
pdbs/1339.pdb.gz,0.702,803.626,0.611
pdbs/1340.pdb.gz,0.641,928.058,0.71
pdbs/1341.pdb.gz,0.711,784.272,0.538
pdbs/1342.pdb.gz,0.678,744.859,0.639
pdbs/1343.pdb.gz,0.674,874.39,0.702
pdbs/1344.pdb.gz,0.724,878.393,0.548
pdbs/1345.pdb.gz,0.728,864.726,0.563
pdbs/1346.pdb.gz,0.692,856.028,0.585
pdbs/1347.pdb.gz,0.637,906.546,0.725
pdbs/1348.pdb.gz,0.685,879.48,0.665
pdbs/1349.pdb.gz,0.7,821.56,0.617
pdbs/1350.pdb.gz,0.553,808.216,0.81
pdbs/1351.pdb.gz,0.685,865.07,0.555
pdbs/1352.pdb.gz,0.72,890.884,0.563
pdbs/1353.pdb.gz,0.741,821.993,0.47
pdbs/1354.pdb.gz,0.58,933.142,0.778
pdbs/1355.pdb.gz,0.645,745.363,0.644
pdbs/1356.pdb.gz,0.587,912.499,0.664
pdbs/1357.pdb.gz,0.687,893.435,0.574
pdbs/1358.pdb.gz,0.673,906.65,0.573
pdbs/1359.pdb.gz,0.661,837.002,0.654
pdbs/1360.pdb.gz,0.74,801.772,0.546
pdbs/1361.pdb.gz,0.68,875.106,0.494
pdbs/1362.pdb.gz,0.695,810.765,0.558
pdbs/1363.pdb.gz,0.681,749.684,0.541
pdbs/1364.pdb.gz,0.639,896.734,0.679
pdbs/1365.pdb.gz,0.581,869.014,0.758
pdbs/1366.pdb.gz,0.688,912.412,0.574
pdbs/1367.pdb.gz,0.686,836.078,0.581
pdbs/1368.pdb.gz,0.599,768.673,0.786
pdbs/1369.pdb.gz,0.479,934.534,0.91
pdbs/1370.pdb.gz,0.706,871.637,0.614
pdbs/1371.pdb.gz,0.694,768.916,0.558
pdbs/1372.pdb.gz,0.712,845.23,0.585
pdbs/1373.pdb.gz,0.542,774.36,0.84
pdbs/1374.pdb.gz,0.644,948.794,0.703
pdbs/1375.pdb.gz,0.692,872.307,0.501
pdbs/1376.pdb.gz,0.702,779.503,0.518
pdbs/1377.pdb.gz,0.623,896.323,0.642
pdbs/1378.pdb.gz,0.615,910.057,0.697
pdbs/1379.pdb.gz,0.725,881.794,0.51
pdbs/1380.pdb.gz,0.64,874.541,0.683
pdbs/1381.pdb.gz,0.695,851.542,0.576
pdbs/1382.pdb.gz,0.559,888.581,0.767
pdbs/1383.pdb.gz,0.655,943.031,0.549
pdbs/1384.pdb.gz,0.723,957.658,0.556
pdbs/1385.pdb.gz,0.559,902.221,0.831
pdbs/1386.pdb.gz,0.582,865.751,0.792
pdbs/1387.pdb.gz,0.692,671.736,0.624
pdbs/1388.pdb.gz,0.693,924.829,0.613
pdbs/1389.pdb.gz,0.609,934.841,0.765
pdbs/1390.pdb.gz,0.703,956.543,0.539
pdbs/1391.pdb.gz,0.744,845.124,0.476
pdbs/1392.pdb.gz,0.635,1015.645,0.607
pdbs/1393.pdb.gz,0.774,840.682,0.464
pdbs/1394.pdb.gz,0.693,922.968,0.614
pdbs/1395.pdb.gz,0.712,895.82,0.568
pdbs/1396.pdb.gz,0.68,811.26,0.638
pdbs/1397.pdb.gz,0.715,840.057,0.558
pdbs/1398.pdb.gz,0.628,819.862,0.628
pdbs/1399.pdb.gz,0.667,831.972,0.678
pdbs/1400.pdb.gz,0.701,775.511,0.621
pdbs/1401.pdb.gz,0.7,755.07,0.51
pdbs/1402.pdb.gz,0.761,784.341,0.473
pdbs/1403.pdb.gz,0.7,847.061,0.562
pdbs/1404.pdb.gz,0.632,883.302,0.634
pdbs/1405.pdb.gz,0.728,864.725,0.581
pdbs/1406.pdb.gz,0.668,881.167,0.647
pdbs/1407.pdb.gz,0.549,900.459,0.745
pdbs/1408.pdb.gz,0.664,858.026,0.629
pdbs/1409.pdb.gz,0.797,654.041,0.417
pdbs/1410.pdb.gz,0.647,750.32,0.65
pdbs/1411.pdb.gz,0.739,932.1,0.566
pdbs/1412.pdb.gz,0.662,887.19,0.618
pdbs/1413.pdb.gz,0.649,904.943,0.7
pdbs/1414.pdb.gz,0.62,820.313,0.72
pdbs/1415.pdb.gz,0.642,929.319,0.677
pdbs/1416.pdb.gz,0.741,938.838,0.448
pdbs/1417.pdb.gz,0.692,857.537,0.555
pdbs/1418.pdb.gz,0.604,924.045,0.68
pdbs/1419.pdb.gz,0.708,794.269,0.569
pdbs/1420.pdb.gz,0.565,610.986,0.749
pdbs/1421.pdb.gz,0.677,851.136,0.616
pdbs/1422.pdb.gz,0.663,958.012,0.62
pdbs/1423.pdb.gz,0.587,892.64,0.76
pdbs/1424.pdb.gz,0.657,866.981,0.657
pdbs/1425.pdb.gz,0.603,933.216,0.751
pdbs/1426.pdb.gz,0.62,937.661,0.794
pdbs/1427.pdb.gz,0.687,786.683,0.656
pdbs/1428.pdb.gz,0.742,902.39,0.552
pdbs/1429.pdb.gz,0.56,874.081,0.75
pdbs/1430.pdb.gz,0.728,819.007,0.528
pdbs/1431.pdb.gz,0.587,961.258,0.763
pdbs/1432.pdb.gz,0.695,851.591,0.633
pdbs/1433.pdb.gz,0.665,840.282,0.589
pdbs/1434.pdb.gz,0.746,772.478,0.528
pdbs/1435.pdb.gz,0.664,1010.526,0.597
pdbs/1436.pdb.gz,0.765,853.428,0.456
pdbs/1437.pdb.gz,0.713,881.03,0.572
pdbs/1438.pdb.gz,0.692,895.572,0.577
pdbs/1439.pdb.gz,0.662,889.9,0.614
pdbs/1440.pdb.gz,0.683,960.287,0.573
pdbs/1441.pdb.gz,0.73,881.867,0.532
pdbs/1442.pdb.gz,0.625,879.932,0.609
pdbs/1443.pdb.gz,0.661,876.871,0.659
pdbs/1444.pdb.gz,0.632,778.357,0.679
pdbs/1445.pdb.gz,0.723,927.415,0.528
pdbs/1446.pdb.gz,0.716,885.377,0.575
pdbs/1447.pdb.gz,0.64,841.066,0.688
pdbs/1448.pdb.gz,0.71,832.264,0.526
pdbs/1449.pdb.gz,0.644,872.527,0.681
pdbs/1450.pdb.gz,0.657,867.138,0.581
pdbs/1451.pdb.gz,0.695,1027.09,0.593
pdbs/1452.pdb.gz,0.738,833.575,0.57
pdbs/1453.pdb.gz,0.632,828.212,0.651
pdbs/1454.pdb.gz,0.694,853.665,0.575
pdbs/1455.pdb.gz,0.627,924.314,0.681
pdbs/1456.pdb.gz,0.658,909.627,0.608
pdbs/1457.pdb.gz,0.645,962.537,0.64
pdbs/1458.pdb.gz,0.605,875.957,0.711
pdbs/1459.pdb.gz,0.623,945.109,0.674
pdbs/1460.pdb.gz,0.69,865.811,0.605
pdbs/1461.pdb.gz,0.692,749.769,0.598
pdbs/1462.pdb.gz,0.668,913.767,0.658
pdbs/1463.pdb.gz,0.669,909.985,0.576
pdbs/1464.pdb.gz,0.684,816.802,0.524
pdbs/1465.pdb.gz,0.628,888.196,0.682
pdbs/1466.pdb.gz,0.677,962.055,0.609
pdbs/1467.pdb.gz,0.671,949.151,0.673
pdbs/1468.pdb.gz,0.697,881.557,0.59
pdbs/1469.pdb.gz,0.643,814.6,0.679
pdbs/1470.pdb.gz,0.65,791.658,0.645
pdbs/1471.pdb.gz,0.709,860.457,0.584
pdbs/1472.pdb.gz,0.688,839.293,0.575
pdbs/1473.pdb.gz,0.685,788.155,0.636
pdbs/1474.pdb.gz,0.619,898.779,0.674
pdbs/1475.pdb.gz,0.637,906.32,0.701
pdbs/1476.pdb.gz,0.73,825.183,0.491
pdbs/1477.pdb.gz,0.591,988.876,0.73
pdbs/1478.pdb.gz,0.687,834.023,0.58
pdbs/1479.pdb.gz,0.527,811.663,0.827
pdbs/1480.pdb.gz,0.634,889.724,0.737
pdbs/1481.pdb.gz,0.654,909.606,0.618
pdbs/1482.pdb.gz,0.598,983.657,0.695
pdbs/1483.pdb.gz,0.624,895.011,0.704
pdbs/1484.pdb.gz,0.586,894.533,0.603
pdbs/1485.pdb.gz,0.66,946.059,0.657
pdbs/1486.pdb.gz,0.706,831.648,0.561
pdbs/1487.pdb.gz,0.616,999.966,0.7
pdbs/1488.pdb.gz,0.633,931.688,0.699
pdbs/1489.pdb.gz,0.682,893.983,0.616
pdbs/1490.pdb.gz,0.632,908.57,0.716
pdbs/1491.pdb.gz,0.578,937.103,0.79
pdbs/1492.pdb.gz,0.649,952.089,0.671
pdbs/1493.pdb.gz,0.708,978.992,0.583
pdbs/1494.pdb.gz,0.644,858.541,0.676
pdbs/1495.pdb.gz,0.668,830.443,0.515
pdbs/1496.pdb.gz,0.713,849.835,0.587
pdbs/1497.pdb.gz,0.659,910.096,0.712
pdbs/1498.pdb.gz,0.667,891.235,0.683
pdbs/1499.pdb.gz,0.61,907.512,0.664
pdbs/1500.pdb.gz,0.671,898.034,0.587
pdbs/1501.pdb.gz,0.646,937.747,0.653
pdbs/1502.pdb.gz,0.582,892.018,0.734
pdbs/1503.pdb.gz,0.669,913.868,0.628
pdbs/1504.pdb.gz,0.679,788.569,0.595
pdbs/1505.pdb.gz,0.69,869.128,0.531
pdbs/1506.pdb.gz,0.673,924.249,0.675
pdbs/1507.pdb.gz,0.587,926.781,0.814
pdbs/1508.pdb.gz,0.647,704.299,0.593
pdbs/1509.pdb.gz,0.585,317.836,0.631
pdbs/1510.pdb.gz,0.713,958.807,0.581
pdbs/1511.pdb.gz,0.597,945.482,0.724
pdbs/1512.pdb.gz,0.681,810.463,0.562
pdbs/1513.pdb.gz,0.703,899.782,0.604
pdbs/1514.pdb.gz,0.653,878.935,0.66
pdbs/1515.pdb.gz,0.646,821.064,0.67
pdbs/1516.pdb.gz,0.641,853.361,0.61
pdbs/1517.pdb.gz,0.643,863.119,0.696
pdbs/1518.pdb.gz,0.705,892.057,0.59
pdbs/1519.pdb.gz,0.734,865.18,0.547
pdbs/1520.pdb.gz,0.66,900.664,0.706
pdbs/1521.pdb.gz,0.621,745.039,0.592
pdbs/1522.pdb.gz,0.581,624.827,0.741
pdbs/1523.pdb.gz,0.559,907.816,0.757
pdbs/1524.pdb.gz,0.712,876.212,0.525
pdbs/1525.pdb.gz,0.633,904.619,0.64
pdbs/1526.pdb.gz,0.676,803.476,0.585
pdbs/1527.pdb.gz,0.657,835.806,0.667
pdbs/1528.pdb.gz,0.756,832.475,0.524
pdbs/1529.pdb.gz,0.661,868.951,0.594
pdbs/1530.pdb.gz,0.687,860.63,0.591
pdbs/1531.pdb.gz,0.607,903.798,0.696
pdbs/1532.pdb.gz,0.64,931.741,0.666
pdbs/1533.pdb.gz,0.67,831.83,0.665
pdbs/1534.pdb.gz,0.783,795.342,0.373
pdbs/1535.pdb.gz,0.56,876.273,0.665
pdbs/1536.pdb.gz,0.697,846.729,0.608
pdbs/1537.pdb.gz,0.513,964.048,0.859
pdbs/1538.pdb.gz,0.634,936.395,0.626
pdbs/1539.pdb.gz,0.733,819.032,0.522
pdbs/1540.pdb.gz,0.702,825.626,0.519
pdbs/1541.pdb.gz,0.609,795.022,0.756
pdbs/1542.pdb.gz,0.546,877.173,0.799
pdbs/1543.pdb.gz,0.614,936.553,0.726
pdbs/1544.pdb.gz,0.626,849.216,0.655
pdbs/1545.pdb.gz,0.689,899.694,0.621
pdbs/1546.pdb.gz,0.579,862.302,0.713
pdbs/1547.pdb.gz,0.771,878.513,0.505
pdbs/1548.pdb.gz,0.653,780.742,0.647
pdbs/1549.pdb.gz,0.712,750.675,0.518
pdbs/1550.pdb.gz,0.702,837.224,0.567
pdbs/1551.pdb.gz,0.638,817.536,0.687
pdbs/1552.pdb.gz,0.625,759.213,0.587
pdbs/1553.pdb.gz,0.678,809.75,0.6
pdbs/1554.pdb.gz,0.658,902.753,0.662
pdbs/1555.pdb.gz,0.751,867.155,0.525
pdbs/1556.pdb.gz,0.593,865.094,0.789
pdbs/1557.pdb.gz,0.686,892.51,0.646
pdbs/1558.pdb.gz,0.576,930.82,0.779
pdbs/1559.pdb.gz,0.568,844.83,0.758
pdbs/1560.pdb.gz,0.658,914.229,0.587
pdbs/1561.pdb.gz,0.618,908.589,0.716
pdbs/1562.pdb.gz,0.689,911.399,0.629
pdbs/1563.pdb.gz,0.607,923.833,0.671
pdbs/1564.pdb.gz,0.583,936.369,0.743
pdbs/1565.pdb.gz,0.662,789.827,0.559
pdbs/1566.pdb.gz,0.617,833.563,0.688
pdbs/1567.pdb.gz,0.694,846.213,0.537
pdbs/1568.pdb.gz,0.634,919.981,0.712
pdbs/1569.pdb.gz,0.66,725.289,0.549
pdbs/1570.pdb.gz,0.672,966.685,0.636
pdbs/1571.pdb.gz,0.694,767.524,0.599
pdbs/1572.pdb.gz,0.619,923.322,0.697
pdbs/1573.pdb.gz,0.726,875.428,0.494
pdbs/1574.pdb.gz,0.663,811.919,0.635
pdbs/1575.pdb.gz,0.69,890.214,0.558
pdbs/1576.pdb.gz,0.742,728.825,0.422
pdbs/1577.pdb.gz,0.693,808.059,0.536
pdbs/1578.pdb.gz,0.674,893.944,0.634
pdbs/1579.pdb.gz,0.719,802.215,0.547
pdbs/1580.pdb.gz,0.578,834.914,0.736
pdbs/1581.pdb.gz,0.674,931.989,0.646
pdbs/1582.pdb.gz,0.62,911.094,0.6
pdbs/1583.pdb.gz,0.668,800.826,0.672
pdbs/1584.pdb.gz,0.648,875.996,0.663
pdbs/1585.pdb.gz,0.693,899.73,0.518
pdbs/1586.pdb.gz,0.71,863.375,0.568
pdbs/1587.pdb.gz,0.703,859.673,0.546
pdbs/1588.pdb.gz,0.667,918.885,0.619
pdbs/1589.pdb.gz,0.716,774.255,0.592
pdbs/1590.pdb.gz,0.721,740.945,0.527
pdbs/1591.pdb.gz,0.609,861.675,0.753
pdbs/1592.pdb.gz,0.694,813.401,0.607
pdbs/1593.pdb.gz,0.716,851.885,0.54
pdbs/1594.pdb.gz,0.676,828.404,0.638
pdbs/1595.pdb.gz,0.612,878.57,0.663
pdbs/1596.pdb.gz,0.711,868.294,0.538
pdbs/1597.pdb.gz,0.602,857.257,0.702
pdbs/1598.pdb.gz,0.729,855.738,0.531
pdbs/1599.pdb.gz,0.687,995.23,0.625
pdbs/1600.pdb.gz,0.732,830.733,0.514
pdbs/1601.pdb.gz,0.613,826.818,0.695
pdbs/1602.pdb.gz,0.489,805.898,0.885
pdbs/1603.pdb.gz,0.685,866.672,0.58
pdbs/1604.pdb.gz,0.553,962.957,0.815
pdbs/1605.pdb.gz,0.757,833.914,0.45
pdbs/1606.pdb.gz,0.7,878.84,0.578
pdbs/1607.pdb.gz,0.697,872.438,0.596
pdbs/1608.pdb.gz,0.701,895.048,0.604
pdbs/1609.pdb.gz,0.727,816.77,0.576
pdbs/1610.pdb.gz,0.583,951.375,0.734
pdbs/1611.pdb.gz,0.537,825.579,0.761
pdbs/1612.pdb.gz,0.693,776.695,0.595
pdbs/1613.pdb.gz,0.66,877.142,0.627
pdbs/1614.pdb.gz,0.682,886.377,0.593
pdbs/1615.pdb.gz,0.693,830.998,0.601
pdbs/1616.pdb.gz,0.727,898.589,0.543
pdbs/1617.pdb.gz,0.747,790.862,0.488
pdbs/1618.pdb.gz,0.693,919.779,0.569
pdbs/1619.pdb.gz,0.698,813.145,0.52
pdbs/1620.pdb.gz,0.615,977.258,0.673
pdbs/1621.pdb.gz,0.636,813.026,0.623
pdbs/1622.pdb.gz,0.65,830.568,0.719
pdbs/1623.pdb.gz,0.674,866.152,0.617
pdbs/1624.pdb.gz,0.589,869.319,0.749
pdbs/1625.pdb.gz,0.69,711.681,0.573
pdbs/1626.pdb.gz,0.648,963.12,0.74
pdbs/1627.pdb.gz,0.676,837.125,0.621
pdbs/1628.pdb.gz,0.534,879.783,0.867
pdbs/1629.pdb.gz,0.631,765.563,0.582
pdbs/1630.pdb.gz,0.668,864.28,0.655
pdbs/1631.pdb.gz,0.604,986.771,0.619
pdbs/1632.pdb.gz,0.6,803.345,0.73
pdbs/1633.pdb.gz,0.605,921.335,0.83
pdbs/1634.pdb.gz,0.708,818.774,0.545
pdbs/1635.pdb.gz,0.645,811.518,0.647
pdbs/1636.pdb.gz,0.544,861.493,0.816
pdbs/1637.pdb.gz,0.723,890.081,0.57
pdbs/1638.pdb.gz,0.675,854.205,0.622
pdbs/1639.pdb.gz,0.752,812.896,0.469
pdbs/1640.pdb.gz,0.649,920.828,0.621
pdbs/1641.pdb.gz,0.667,923.454,0.642
pdbs/1642.pdb.gz,0.597,767.066,0.684
pdbs/1643.pdb.gz,0.671,888.869,0.618
pdbs/1644.pdb.gz,0.675,818.818,0.637
pdbs/1645.pdb.gz,0.654,926.261,0.574
pdbs/1646.pdb.gz,0.66,830.316,0.673
pdbs/1647.pdb.gz,0.613,759.284,0.77
pdbs/1648.pdb.gz,0.673,840.096,0.606
pdbs/1649.pdb.gz,0.702,941.604,0.562
pdbs/1650.pdb.gz,0.666,905.198,0.616
pdbs/1651.pdb.gz,0.656,857.258,0.653
pdbs/1652.pdb.gz,0.664,876.861,0.638
pdbs/1653.pdb.gz,0.786,813.491,0.476
pdbs/1654.pdb.gz,0.728,926.663,0.551
pdbs/1655.pdb.gz,0.684,890.254,0.551
pdbs/1656.pdb.gz,0.72,901.061,0.579
pdbs/1657.pdb.gz,0.629,767.031,0.715
pdbs/1658.pdb.gz,0.695,893.574,0.619
pdbs/1659.pdb.gz,0.573,966.028,0.805
pdbs/1660.pdb.gz,0.664,850.336,0.564
pdbs/1661.pdb.gz,0.638,944.761,0.657
pdbs/1662.pdb.gz,0.651,787.409,0.688
pdbs/1663.pdb.gz,0.737,859.982,0.557
pdbs/1664.pdb.gz,0.613,915.2,0.677
pdbs/1665.pdb.gz,0.704,855.705,0.577
pdbs/1666.pdb.gz,0.608,654.901,0.619
pdbs/1667.pdb.gz,0.733,855.606,0.538
pdbs/1668.pdb.gz,0.707,855.569,0.555
pdbs/1669.pdb.gz,0.572,841.059,0.725
pdbs/1670.pdb.gz,0.726,850.614,0.54
pdbs/1671.pdb.gz,0.71,992.562,0.604
pdbs/1672.pdb.gz,0.675,920.873,0.632
pdbs/1673.pdb.gz,0.625,783.624,0.568
pdbs/1674.pdb.gz,0.663,884.185,0.695
pdbs/1675.pdb.gz,0.649,706.322,0.521
pdbs/1676.pdb.gz,0.739,915.16,0.45
pdbs/1677.pdb.gz,0.698,928.115,0.618
pdbs/1678.pdb.gz,0.709,957.827,0.554
pdbs/1679.pdb.gz,0.648,791.492,0.576
pdbs/1680.pdb.gz,0.632,895.659,0.649
pdbs/1681.pdb.gz,0.539,1010.821,0.734
pdbs/1682.pdb.gz,0.563,997.968,0.872
pdbs/1683.pdb.gz,0.67,880.898,0.65
pdbs/1684.pdb.gz,0.674,817.62,0.62
pdbs/1685.pdb.gz,0.656,866.198,0.662
pdbs/1686.pdb.gz,0.717,797.751,0.53
pdbs/1687.pdb.gz,0.706,774.344,0.561
pdbs/1688.pdb.gz,0.606,935.07,0.644
pdbs/1689.pdb.gz,0.598,826.843,0.777
pdbs/1690.pdb.gz,0.641,943.664,0.673
pdbs/1691.pdb.gz,0.633,774.406,0.7
pdbs/1692.pdb.gz,0.61,272.119,0.728
pdbs/1693.pdb.gz,0.659,895.278,0.647
pdbs/1694.pdb.gz,0.657,898.563,0.672
pdbs/1695.pdb.gz,0.556,849.634,0.794
pdbs/1696.pdb.gz,0.635,866.264,0.612
pdbs/1697.pdb.gz,0.668,847.707,0.673
pdbs/1698.pdb.gz,0.656,837.568,0.669
pdbs/1699.pdb.gz,0.695,825.768,0.555
pdbs/1700.pdb.gz,0.713,771.088,0.549
pdbs/1701.pdb.gz,0.692,877.955,0.629
pdbs/1702.pdb.gz,0.723,837.704,0.513
pdbs/1703.pdb.gz,0.567,971.317,0.765
pdbs/1704.pdb.gz,0.603,973.996,0.741
pdbs/1705.pdb.gz,0.656,880.835,0.697
pdbs/1706.pdb.gz,0.649,943.441,0.657
pdbs/1707.pdb.gz,0.743,672.357,0.504
pdbs/1708.pdb.gz,0.605,916.365,0.698
pdbs/1709.pdb.gz,0.68,877.858,0.565
pdbs/1710.pdb.gz,0.666,907.338,0.626
pdbs/1711.pdb.gz,0.612,802.241,0.737
pdbs/1712.pdb.gz,0.654,770.421,0.614
pdbs/1713.pdb.gz,0.653,876.853,0.683
pdbs/1714.pdb.gz,0.681,908.733,0.608
pdbs/1715.pdb.gz,0.691,869.25,0.514
pdbs/1716.pdb.gz,0.671,810.405,0.682
pdbs/1717.pdb.gz,0.65,806.747,0.641
pdbs/1718.pdb.gz,0.59,865.294,0.702
pdbs/1719.pdb.gz,0.621,845.463,0.701
pdbs/1720.pdb.gz,0.624,921.258,0.643
pdbs/1721.pdb.gz,0.695,941.899,0.541
pdbs/1722.pdb.gz,0.623,842.191,0.664
pdbs/1723.pdb.gz,0.635,950.935,0.681
pdbs/1724.pdb.gz,0.673,852.884,0.648
pdbs/1725.pdb.gz,0.595,797.495,0.668
pdbs/1726.pdb.gz,0.577,861.67,0.764
pdbs/1727.pdb.gz,0.626,1039.849,0.684
pdbs/1728.pdb.gz,0.573,854.99,0.694
pdbs/1729.pdb.gz,0.679,842.843,0.628
pdbs/1730.pdb.gz,0.677,919.916,0.589
pdbs/1731.pdb.gz,0.682,900.804,0.544
pdbs/1732.pdb.gz,0.687,843.525,0.597
pdbs/1733.pdb.gz,0.653,839.442,0.649
pdbs/1734.pdb.gz,0.572,904.208,0.73
pdbs/1735.pdb.gz,0.647,875.928,0.692
pdbs/1736.pdb.gz,0.578,916.657,0.8
pdbs/1737.pdb.gz,0.711,896.307,0.553
pdbs/1738.pdb.gz,0.654,877.535,0.633
pdbs/1739.pdb.gz,0.723,798.115,0.583
pdbs/1740.pdb.gz,0.682,876.397,0.601
pdbs/1741.pdb.gz,0.614,865.222,0.71
pdbs/1742.pdb.gz,0.632,834.851,0.666
pdbs/1743.pdb.gz,0.663,767.757,0.697
pdbs/1744.pdb.gz,0.596,845.106,0.723
pdbs/1745.pdb.gz,0.718,881.855,0.529
pdbs/1746.pdb.gz,0.754,830.424,0.453
pdbs/1747.pdb.gz,0.539,766.583,0.769
pdbs/1748.pdb.gz,0.577,906.755,0.693
pdbs/1749.pdb.gz,0.578,724.227,0.714
pdbs/1750.pdb.gz,0.619,880.697,0.699
pdbs/1751.pdb.gz,0.783,853.439,0.411
pdbs/1752.pdb.gz,0.697,821.78,0.611
pdbs/1753.pdb.gz,0.649,899.638,0.676
pdbs/1754.pdb.gz,0.58,660.894,0.623
pdbs/1755.pdb.gz,0.63,925.209,0.736
pdbs/1756.pdb.gz,0.51,931.108,0.875
pdbs/1757.pdb.gz,0.678,946.391,0.65
pdbs/1758.pdb.gz,0.637,1005.659,0.681
pdbs/1759.pdb.gz,0.655,808.528,0.658
pdbs/1760.pdb.gz,0.512,839.975,0.765
pdbs/1761.pdb.gz,0.604,840.18,0.698
pdbs/1762.pdb.gz,0.679,968.63,0.548
pdbs/1763.pdb.gz,0.664,905.236,0.66
pdbs/1764.pdb.gz,0.697,957.386,0.566
pdbs/1765.pdb.gz,0.675,853.084,0.626
pdbs/1766.pdb.gz,0.631,899.117,0.653
pdbs/1767.pdb.gz,0.636,909.202,0.722
pdbs/1768.pdb.gz,0.726,852.859,0.588
pdbs/1769.pdb.gz,0.674,974.011,0.54
pdbs/1770.pdb.gz,0.757,719.001,0.502
pdbs/1771.pdb.gz,0.682,910.818,0.583
pdbs/1772.pdb.gz,0.659,878.925,0.637
pdbs/1773.pdb.gz,0.702,880.698,0.634
pdbs/1774.pdb.gz,0.699,877.814,0.608
pdbs/1775.pdb.gz,0.647,854.264,0.54
pdbs/1776.pdb.gz,0.59,874.388,0.79
pdbs/1777.pdb.gz,0.663,808.336,0.675
pdbs/1778.pdb.gz,0.718,859.266,0.514
pdbs/1779.pdb.gz,0.674,849.703,0.616
pdbs/1780.pdb.gz,0.56,910.95,0.848
pdbs/1781.pdb.gz,0.727,941.894,0.558
pdbs/1782.pdb.gz,0.579,896.638,0.723
pdbs/1783.pdb.gz,0.682,873.698,0.524
pdbs/1784.pdb.gz,0.713,802.391,0.554
pdbs/1785.pdb.gz,0.734,830.765,0.461
pdbs/1786.pdb.gz,0.661,891.881,0.654
pdbs/1787.pdb.gz,0.66,821.141,0.679
pdbs/1788.pdb.gz,0.626,948.458,0.741
pdbs/1789.pdb.gz,0.585,959.008,0.692
pdbs/1790.pdb.gz,0.627,838.988,0.682
pdbs/1791.pdb.gz,0.732,836.465,0.541
pdbs/1792.pdb.gz,0.612,866.76,0.702
pdbs/1793.pdb.gz,0.647,915.827,0.653
pdbs/1794.pdb.gz,0.717,835.059,0.47
pdbs/1795.pdb.gz,0.674,792.584,0.64
pdbs/1796.pdb.gz,0.657,887.626,0.674
pdbs/1797.pdb.gz,0.654,903.172,0.658
pdbs/1798.pdb.gz,0.7,867.149,0.523
pdbs/1799.pdb.gz,0.674,779.472,0.578
pdbs/1800.pdb.gz,0.726,919.752,0.511
pdbs/1801.pdb.gz,0.573,788.045,0.737
pdbs/1802.pdb.gz,0.704,905.329,0.596
pdbs/1803.pdb.gz,0.634,917.892,0.714
pdbs/1804.pdb.gz,0.745,815.328,0.513
pdbs/1805.pdb.gz,0.579,970.699,0.77
pdbs/1806.pdb.gz,0.526,889.771,0.889
pdbs/1807.pdb.gz,0.733,779.383,0.501
pdbs/1808.pdb.gz,0.665,948.426,0.655
pdbs/1809.pdb.gz,0.698,962.451,0.596
pdbs/1810.pdb.gz,0.557,760.872,0.676
pdbs/1811.pdb.gz,0.702,837.802,0.586
pdbs/1812.pdb.gz,0.52,931.074,0.812
pdbs/1813.pdb.gz,0.709,790.18,0.549
pdbs/1814.pdb.gz,0.741,868.037,0.537
pdbs/1815.pdb.gz,0.713,834.372,0.551
pdbs/1816.pdb.gz,0.675,883.821,0.666
pdbs/1817.pdb.gz,0.729,798.578,0.573
pdbs/1818.pdb.gz,0.676,857.138,0.605
pdbs/1819.pdb.gz,0.677,725.655,0.563
pdbs/1820.pdb.gz,0.752,894.436,0.497
pdbs/1821.pdb.gz,0.66,949.073,0.688
pdbs/1822.pdb.gz,0.536,951.32,0.849
pdbs/1823.pdb.gz,0.586,853.75,0.8
pdbs/1824.pdb.gz,0.639,960.69,0.642
pdbs/1825.pdb.gz,0.64,983.164,0.677
pdbs/1826.pdb.gz,0.689,794.673,0.505
pdbs/1827.pdb.gz,0.649,908.502,0.659
pdbs/1828.pdb.gz,0.586,993.675,0.785
pdbs/1829.pdb.gz,0.705,912.149,0.621
pdbs/1830.pdb.gz,0.717,911.144,0.599
pdbs/1831.pdb.gz,0.619,875.421,0.701
pdbs/1832.pdb.gz,0.592,913.486,0.759
pdbs/1833.pdb.gz,0.666,834.613,0.716
pdbs/1834.pdb.gz,0.706,900.81,0.591
pdbs/1835.pdb.gz,0.732,810.039,0.524
pdbs/1836.pdb.gz,0.65,854.602,0.695
pdbs/1837.pdb.gz,0.546,857.831,0.803
pdbs/1838.pdb.gz,0.59,847.332,0.685
pdbs/1839.pdb.gz,0.653,849.533,0.621
pdbs/1840.pdb.gz,0.638,897.865,0.664
pdbs/1841.pdb.gz,0.716,947.358,0.571
pdbs/1842.pdb.gz,0.641,965.859,0.662
pdbs/1843.pdb.gz,0.563,924.202,0.766
pdbs/1844.pdb.gz,0.68,896.367,0.611
pdbs/1845.pdb.gz,0.574,855.477,0.662
pdbs/1846.pdb.gz,0.623,846.463,0.706
pdbs/1847.pdb.gz,0.717,863.785,0.576
pdbs/1848.pdb.gz,0.681,835.071,0.481
pdbs/1849.pdb.gz,0.676,874.982,0.589
pdbs/1850.pdb.gz,0.696,803.73,0.491
pdbs/1851.pdb.gz,0.7,860.008,0.593
pdbs/1852.pdb.gz,0.537,947.394,0.816
pdbs/1853.pdb.gz,0.712,810.524,0.564
pdbs/1854.pdb.gz,0.738,890.378,0.562
pdbs/1855.pdb.gz,0.583,1002.933,0.712
pdbs/1856.pdb.gz,0.585,939.291,0.669
pdbs/1857.pdb.gz,0.7,986.359,0.575
pdbs/1858.pdb.gz,0.71,802.042,0.515
pdbs/1859.pdb.gz,0.652,932.006,0.654
pdbs/1860.pdb.gz,0.7,863.817,0.626
pdbs/1861.pdb.gz,0.724,827.858,0.518
pdbs/1862.pdb.gz,0.632,850.008,0.646
pdbs/1863.pdb.gz,0.636,890.443,0.648
pdbs/1864.pdb.gz,0.622,828.172,0.701
pdbs/1865.pdb.gz,0.634,917.463,0.574
pdbs/1866.pdb.gz,0.769,812.951,0.483
pdbs/1867.pdb.gz,0.673,773.809,0.571
pdbs/1868.pdb.gz,0.588,840.357,0.722
pdbs/1869.pdb.gz,0.664,878.253,0.676
pdbs/1870.pdb.gz,0.603,877.605,0.753
pdbs/1871.pdb.gz,0.688,681.675,0.541
pdbs/1872.pdb.gz,0.698,881.67,0.585
pdbs/1873.pdb.gz,0.748,839.972,0.441
pdbs/1874.pdb.gz,0.482,808.52,0.92
pdbs/1875.pdb.gz,0.644,895.835,0.597
pdbs/1876.pdb.gz,0.491,894.098,0.922
pdbs/1877.pdb.gz,0.563,878.933,0.886
pdbs/1878.pdb.gz,0.649,816.033,0.602
pdbs/1879.pdb.gz,0.712,814.022,0.515
pdbs/1880.pdb.gz,0.67,873.132,0.623
pdbs/1881.pdb.gz,0.693,839.791,0.651
pdbs/1882.pdb.gz,0.674,870.117,0.621
pdbs/1883.pdb.gz,0.598,469.049,0.704
pdbs/1884.pdb.gz,0.649,870.988,0.613
pdbs/1885.pdb.gz,0.594,894.02,0.781
pdbs/1886.pdb.gz,0.657,966.145,0.621
pdbs/1887.pdb.gz,0.725,880.99,0.524
pdbs/1888.pdb.gz,0.575,896.125,0.833
pdbs/1889.pdb.gz,0.639,845.137,0.556
pdbs/1890.pdb.gz,0.646,947.678,0.634
pdbs/1891.pdb.gz,0.721,819.271,0.565
pdbs/1892.pdb.gz,0.711,999.399,0.583
pdbs/1893.pdb.gz,0.747,812.666,0.494
pdbs/1894.pdb.gz,0.654,829.516,0.628
pdbs/1895.pdb.gz,0.641,939.169,0.701
pdbs/1896.pdb.gz,0.756,893.148,0.494
pdbs/1897.pdb.gz,0.701,808.017,0.53
pdbs/1898.pdb.gz,0.613,896.499,0.673
pdbs/1899.pdb.gz,0.743,856.495,0.561
pdbs/1900.pdb.gz,0.619,865.687,0.706
pdbs/1901.pdb.gz,0.666,874.919,0.574
pdbs/1902.pdb.gz,0.665,968.373,0.676
pdbs/1903.pdb.gz,0.688,879.757,0.639
pdbs/1904.pdb.gz,0.553,911.99,0.825
pdbs/1905.pdb.gz,0.679,873.763,0.596
pdbs/1906.pdb.gz,0.74,871.163,0.518
pdbs/1907.pdb.gz,0.666,947.067,0.617
pdbs/1908.pdb.gz,0.712,909.085,0.549
pdbs/1909.pdb.gz,0.52,860.489,0.834
pdbs/1910.pdb.gz,0.623,877.809,0.705
pdbs/1911.pdb.gz,0.759,798.689,0.478
pdbs/1912.pdb.gz,0.609,815.031,0.632
pdbs/1913.pdb.gz,0.661,833.653,0.591
pdbs/1914.pdb.gz,0.764,883.067,0.455
pdbs/1915.pdb.gz,0.715,876.858,0.53
pdbs/1916.pdb.gz,0.744,892.18,0.464
pdbs/1917.pdb.gz,0.71,943.486,0.6
pdbs/1918.pdb.gz,0.699,793.604,0.515
pdbs/1919.pdb.gz,0.742,815.545,0.545
pdbs/1920.pdb.gz,0.653,914.689,0.718
pdbs/1921.pdb.gz,0.727,931.056,0.564
pdbs/1922.pdb.gz,0.634,929.478,0.619
pdbs/1923.pdb.gz,0.674,954.84,0.608
pdbs/1924.pdb.gz,0.715,832.885,0.525
pdbs/1925.pdb.gz,0.698,841.462,0.578
pdbs/1926.pdb.gz,0.645,865.02,0.647
pdbs/1927.pdb.gz,0.681,823.671,0.62
pdbs/1928.pdb.gz,0.721,774.706,0.467
pdbs/1929.pdb.gz,0.717,892.325,0.547
pdbs/1930.pdb.gz,0.775,929.086,0.461
pdbs/1931.pdb.gz,0.647,893.518,0.687
pdbs/1932.pdb.gz,0.668,838.388,0.61
pdbs/1933.pdb.gz,0.644,810.21,0.709
pdbs/1934.pdb.gz,0.698,806.903,0.563
pdbs/1935.pdb.gz,0.633,894.03,0.676
pdbs/1936.pdb.gz,0.708,797.302,0.625
pdbs/1937.pdb.gz,0.689,941.341,0.506
pdbs/1938.pdb.gz,0.619,960.131,0.756
pdbs/1939.pdb.gz,0.698,916.096,0.59
pdbs/1940.pdb.gz,0.721,862.569,0.494
pdbs/1941.pdb.gz,0.581,722.699,0.655
pdbs/1942.pdb.gz,0.68,898.428,0.588
pdbs/1943.pdb.gz,0.692,815.739,0.616
pdbs/1944.pdb.gz,0.615,884.305,0.662
pdbs/1945.pdb.gz,0.648,926.972,0.638
pdbs/1946.pdb.gz,0.72,952.717,0.537
pdbs/1947.pdb.gz,0.745,810.02,0.505
pdbs/1948.pdb.gz,0.72,841.535,0.559
pdbs/1949.pdb.gz,0.655,970.667,0.662
pdbs/1950.pdb.gz,0.705,844.913,0.555
pdbs/1951.pdb.gz,0.653,1004.453,0.666
pdbs/1952.pdb.gz,0.635,811.601,0.684
pdbs/1953.pdb.gz,0.632,916.826,0.716
pdbs/1954.pdb.gz,0.689,884.284,0.509
pdbs/1955.pdb.gz,0.747,921.601,0.52
pdbs/1956.pdb.gz,0.64,844.138,0.711
pdbs/1957.pdb.gz,0.621,964.392,0.662
pdbs/1958.pdb.gz,0.73,806.155,0.478
pdbs/1959.pdb.gz,0.584,807.7,0.734
pdbs/1960.pdb.gz,0.701,928.917,0.635
pdbs/1961.pdb.gz,0.66,888.82,0.591
pdbs/1962.pdb.gz,0.539,875.536,0.706
pdbs/1963.pdb.gz,0.643,681.376,0.55
pdbs/1964.pdb.gz,0.646,808.095,0.612
pdbs/1965.pdb.gz,0.628,867.042,0.631
pdbs/1966.pdb.gz,0.576,881.523,0.727
pdbs/1967.pdb.gz,0.696,809.822,0.626
pdbs/1968.pdb.gz,0.614,929.236,0.732
pdbs/1969.pdb.gz,0.614,823.812,0.702
pdbs/1970.pdb.gz,0.702,774.42,0.619
pdbs/1971.pdb.gz,0.654,923.674,0.584
pdbs/1972.pdb.gz,0.666,923.171,0.614
pdbs/1973.pdb.gz,0.674,905.048,0.595
pdbs/1974.pdb.gz,0.595,917.213,0.75
pdbs/1975.pdb.gz,0.68,754.566,0.558
pdbs/1976.pdb.gz,0.677,869.96,0.611
pdbs/1977.pdb.gz,0.642,831.528,0.57
pdbs/1978.pdb.gz,0.731,871.056,0.57
pdbs/1979.pdb.gz,0.705,717.495,0.462
pdbs/1980.pdb.gz,0.653,975.808,0.688
pdbs/1981.pdb.gz,0.63,904.872,0.71
pdbs/1982.pdb.gz,0.68,902.085,0.606
pdbs/1983.pdb.gz,0.656,911.586,0.694
pdbs/1984.pdb.gz,0.713,831.725,0.56
pdbs/1985.pdb.gz,0.611,496.058,0.639
pdbs/1986.pdb.gz,0.632,934.551,0.657
pdbs/1987.pdb.gz,0.633,843.319,0.583
pdbs/1988.pdb.gz,0.712,809.216,0.527
pdbs/1989.pdb.gz,0.621,840.978,0.706
pdbs/1990.pdb.gz,0.632,925.153,0.703
pdbs/1991.pdb.gz,0.718,479.909,0.486
pdbs/1992.pdb.gz,0.554,950.488,0.854
pdbs/1993.pdb.gz,0.62,889.772,0.689
pdbs/1994.pdb.gz,0.649,964.982,0.723
pdbs/1995.pdb.gz,0.663,879.185,0.599
pdbs/1996.pdb.gz,0.722,841.832,0.533
pdbs/1997.pdb.gz,0.719,898.891,0.536
pdbs/1998.pdb.gz,0.499,628.997,0.875
pdbs/1999.pdb.gz,0.649,807.37,0.625
pdbs/2000.pdb.gz,0.677,894.624,0.607
pdbs/2001.pdb.gz,0.658,773.575,0.671
pdbs/2002.pdb.gz,0.713,875.673,0.51
pdbs/2003.pdb.gz,0.591,998.784,0.783
pdbs/2004.pdb.gz,0.733,886.815,0.563
pdbs/2005.pdb.gz,0.621,978.253,0.707
pdbs/2006.pdb.gz,0.647,1018.459,0.707
pdbs/2007.pdb.gz,0.599,899.917,0.783
pdbs/2008.pdb.gz,0.67,789.14,0.593
pdbs/2009.pdb.gz,0.741,846.533,0.54
pdbs/2010.pdb.gz,0.633,861.755,0.607
pdbs/2011.pdb.gz,0.634,850.894,0.702
pdbs/2012.pdb.gz,0.665,881.564,0.607
pdbs/2013.pdb.gz,0.618,879.771,0.716
pdbs/2014.pdb.gz,0.537,978.828,0.787
pdbs/2015.pdb.gz,0.685,912.585,0.583
pdbs/2016.pdb.gz,0.728,842.408,0.536
pdbs/2017.pdb.gz,0.676,972.637,0.674
pdbs/2018.pdb.gz,0.72,746.869,0.589
pdbs/2019.pdb.gz,0.675,818.485,0.621
pdbs/2020.pdb.gz,0.729,972.117,0.528
pdbs/2021.pdb.gz,0.703,902.884,0.581
pdbs/2022.pdb.gz,0.59,920.223,0.739
pdbs/2023.pdb.gz,0.738,752.475,0.505
pdbs/2024.pdb.gz,0.61,991.066,0.722
pdbs/2025.pdb.gz,0.652,827.452,0.687
pdbs/2026.pdb.gz,0.594,929.123,0.704
pdbs/2027.pdb.gz,0.672,924.055,0.586
pdbs/2028.pdb.gz,0.702,810.647,0.515
pdbs/2029.pdb.gz,0.621,998.447,0.695
pdbs/2030.pdb.gz,0.693,820.157,0.616
pdbs/2031.pdb.gz,0.695,882.63,0.613
pdbs/2032.pdb.gz,0.59,893.398,0.783
pdbs/2033.pdb.gz,0.645,761.596,0.581
pdbs/2034.pdb.gz,0.646,754.943,0.619
pdbs/2035.pdb.gz,0.521,952.826,0.906
pdbs/2036.pdb.gz,0.693,859.178,0.57
pdbs/2037.pdb.gz,0.695,935.792,0.596
pdbs/2038.pdb.gz,0.617,825.775,0.73
pdbs/2039.pdb.gz,0.635,832.527,0.605
pdbs/2040.pdb.gz,0.62,955.4,0.714
pdbs/2041.pdb.gz,0.607,799.185,0.739
pdbs/2042.pdb.gz,0.656,863.897,0.557
pdbs/2043.pdb.gz,0.613,879.011,0.722
pdbs/2044.pdb.gz,0.661,938.684,0.68
pdbs/2045.pdb.gz,0.61,941.163,0.729
pdbs/2046.pdb.gz,0.739,856.317,0.455
pdbs/2047.pdb.gz,0.571,801.984,0.658
pdbs/2048.pdb.gz,0.647,807.977,0.578
pdbs/2049.pdb.gz,0.595,820.75,0.632
pdbs/2050.pdb.gz,0.641,957.362,0.71
pdbs/2051.pdb.gz,0.707,856.305,0.496
pdbs/2052.pdb.gz,0.7,881.828,0.597
pdbs/2053.pdb.gz,0.646,943.427,0.587
pdbs/2054.pdb.gz,0.697,878.865,0.612
pdbs/2055.pdb.gz,0.713,866.527,0.476
pdbs/2056.pdb.gz,0.607,815.295,0.661
pdbs/2057.pdb.gz,0.714,1000.951,0.528
pdbs/2058.pdb.gz,0.653,816.074,0.623
pdbs/2059.pdb.gz,0.668,879.18,0.54
pdbs/2060.pdb.gz,0.656,831.825,0.646
pdbs/2061.pdb.gz,0.771,784.229,0.457
pdbs/2062.pdb.gz,0.613,912.94,0.626
pdbs/2063.pdb.gz,0.614,885.083,0.616
pdbs/2064.pdb.gz,0.708,782.413,0.588
pdbs/2065.pdb.gz,0.496,964.342,0.901
pdbs/2066.pdb.gz,0.708,821.975,0.547
pdbs/2067.pdb.gz,0.509,894.125,0.864
pdbs/2068.pdb.gz,0.604,895.76,0.688
pdbs/2069.pdb.gz,0.592,911.032,0.7
pdbs/2070.pdb.gz,0.674,835.219,0.627
pdbs/2071.pdb.gz,0.62,894.884,0.693
pdbs/2072.pdb.gz,0.706,851.18,0.541
pdbs/2073.pdb.gz,0.69,627.686,0.502
pdbs/2074.pdb.gz,0.666,908.108,0.683
pdbs/2075.pdb.gz,0.598,996.505,0.713
pdbs/2076.pdb.gz,0.681,808.471,0.502
pdbs/2077.pdb.gz,0.61,520.198,0.651
pdbs/2078.pdb.gz,0.711,865.512,0.564
pdbs/2079.pdb.gz,0.645,859.588,0.657
pdbs/2080.pdb.gz,0.631,891.638,0.666
pdbs/2081.pdb.gz,0.69,943.462,0.553
pdbs/2082.pdb.gz,0.659,888.851,0.617
pdbs/2083.pdb.gz,0.731,851.247,0.507
pdbs/2084.pdb.gz,0.709,878.38,0.617
pdbs/2085.pdb.gz,0.668,888.771,0.63
pdbs/2086.pdb.gz,0.64,943.398,0.717
pdbs/2087.pdb.gz,0.621,852.82,0.676
pdbs/2088.pdb.gz,0.534,765.68,0.851
pdbs/2089.pdb.gz,0.676,887.129,0.668
pdbs/2090.pdb.gz,0.595,918.394,0.769
pdbs/2091.pdb.gz,0.712,920.858,0.615
pdbs/2092.pdb.gz,0.669,875.201,0.618
pdbs/2093.pdb.gz,0.619,927.861,0.776
pdbs/2094.pdb.gz,0.776,787.178,0.445
pdbs/2095.pdb.gz,0.66,890.79,0.568
pdbs/2096.pdb.gz,0.646,849.568,0.692
pdbs/2097.pdb.gz,0.614,884.844,0.723
pdbs/2098.pdb.gz,0.69,848.429,0.648
pdbs/2099.pdb.gz,0.639,669.02,0.672
pdbs/2100.pdb.gz,0.692,861.451,0.652
pdbs/2101.pdb.gz,0.704,803.003,0.555
pdbs/2102.pdb.gz,0.612,830.448,0.693
pdbs/2103.pdb.gz,0.688,871.746,0.63
pdbs/2104.pdb.gz,0.698,848.49,0.531
pdbs/2105.pdb.gz,0.709,907.354,0.495
pdbs/2106.pdb.gz,0.56,922.011,0.687
pdbs/2107.pdb.gz,0.715,912.36,0.541
pdbs/2108.pdb.gz,0.554,874.478,0.828
pdbs/2109.pdb.gz,0.726,931.463,0.611
pdbs/2110.pdb.gz,0.635,907.663,0.705
pdbs/2111.pdb.gz,0.664,808.359,0.494
pdbs/2112.pdb.gz,0.682,843.641,0.613
pdbs/2113.pdb.gz,0.654,689.611,0.654
pdbs/2114.pdb.gz,0.583,876.026,0.657
pdbs/2115.pdb.gz,0.606,779.628,0.643
pdbs/2116.pdb.gz,0.607,917.923,0.738
pdbs/2117.pdb.gz,0.568,500.689,0.749
pdbs/2118.pdb.gz,0.656,824.993,0.631
pdbs/2119.pdb.gz,0.627,808.902,0.604
pdbs/2120.pdb.gz,0.665,762.429,0.669
pdbs/2121.pdb.gz,0.676,852.93,0.636
pdbs/2122.pdb.gz,0.685,900.114,0.599
pdbs/2123.pdb.gz,0.646,922.476,0.69
pdbs/2124.pdb.gz,0.719,800.541,0.581
pdbs/2125.pdb.gz,0.727,847.206,0.492
pdbs/2126.pdb.gz,0.674,869.013,0.624
pdbs/2127.pdb.gz,0.728,916.617,0.477
pdbs/2128.pdb.gz,0.768,859.121,0.488
pdbs/2129.pdb.gz,0.585,887.322,0.716
pdbs/2130.pdb.gz,0.719,890.876,0.545
pdbs/2131.pdb.gz,0.683,702.113,0.663
pdbs/2132.pdb.gz,0.688,855.778,0.633
pdbs/2133.pdb.gz,0.759,853.229,0.463
pdbs/2134.pdb.gz,0.685,838.794,0.647
pdbs/2135.pdb.gz,0.575,857.282,0.747
pdbs/2136.pdb.gz,0.742,847.061,0.58
pdbs/2137.pdb.gz,0.697,998.827,0.623
pdbs/2138.pdb.gz,0.751,804.905,0.494
pdbs/2139.pdb.gz,0.751,905.683,0.574
pdbs/2140.pdb.gz,0.431,908.433,1.008
pdbs/2141.pdb.gz,0.565,760.158,0.844
pdbs/2142.pdb.gz,0.674,911.821,0.636
pdbs/2143.pdb.gz,0.692,946.272,0.619
pdbs/2144.pdb.gz,0.614,912.101,0.763
pdbs/2145.pdb.gz,0.692,905.331,0.564
pdbs/2146.pdb.gz,0.66,914.497,0.629
pdbs/2147.pdb.gz,0.54,824.508,0.811
pdbs/2148.pdb.gz,0.581,843.951,0.744
pdbs/2149.pdb.gz,0.609,930.642,0.722
pdbs/2150.pdb.gz,0.64,825.355,0.601
pdbs/2151.pdb.gz,0.613,705.407,0.695
pdbs/2152.pdb.gz,0.772,815.23,0.475
pdbs/2153.pdb.gz,0.635,922.715,0.737
pdbs/2154.pdb.gz,0.627,971.053,0.68
pdbs/2155.pdb.gz,0.744,775.428,0.469
pdbs/2156.pdb.gz,0.695,814.609,0.601
pdbs/2157.pdb.gz,0.741,873.758,0.535
pdbs/2158.pdb.gz,0.639,952.224,0.593
pdbs/2159.pdb.gz,0.699,895.507,0.522
pdbs/2160.pdb.gz,0.609,904.443,0.737
pdbs/2161.pdb.gz,0.594,935.127,0.724
pdbs/2162.pdb.gz,0.613,725.209,0.647
pdbs/2163.pdb.gz,0.712,852.093,0.542
pdbs/2164.pdb.gz,0.705,906.7,0.578
pdbs/2165.pdb.gz,0.663,888.631,0.596
pdbs/2166.pdb.gz,0.624,872.802,0.669
pdbs/2167.pdb.gz,0.652,822.336,0.657
pdbs/2168.pdb.gz,0.562,732.298,0.716
pdbs/2169.pdb.gz,0.638,904.387,0.594
pdbs/2170.pdb.gz,0.613,893.981,0.707
pdbs/2171.pdb.gz,0.652,919.576,0.662
pdbs/2172.pdb.gz,0.705,863.677,0.506
pdbs/2173.pdb.gz,0.656,689.703,0.565
pdbs/2174.pdb.gz,0.616,941.131,0.685
pdbs/2175.pdb.gz,0.783,763.273,0.419
pdbs/2176.pdb.gz,0.668,884.743,0.643
pdbs/2177.pdb.gz,0.665,810.669,0.605
pdbs/2178.pdb.gz,0.519,940.37,0.784
pdbs/2179.pdb.gz,0.591,912.605,0.719
pdbs/2180.pdb.gz,0.704,822.796,0.597
pdbs/2181.pdb.gz,0.61,822.658,0.729
pdbs/2182.pdb.gz,0.647,734.992,0.568
pdbs/2183.pdb.gz,0.616,979.33,0.755
pdbs/2184.pdb.gz,0.594,992.221,0.75
pdbs/2185.pdb.gz,0.645,861.019,0.647
pdbs/2186.pdb.gz,0.666,836.449,0.604
pdbs/2187.pdb.gz,0.654,925.409,0.663
pdbs/2188.pdb.gz,0.546,780.289,0.814
pdbs/2189.pdb.gz,0.672,871.031,0.681
pdbs/2190.pdb.gz,0.596,964.02,0.684
pdbs/2191.pdb.gz,0.697,834.641,0.598
pdbs/2192.pdb.gz,0.711,841.846,0.556
pdbs/2193.pdb.gz,0.686,888.368,0.554
pdbs/2194.pdb.gz,0.631,918.209,0.691
pdbs/2195.pdb.gz,0.681,872.499,0.653
pdbs/2196.pdb.gz,0.651,996.565,0.724
pdbs/2197.pdb.gz,0.587,759.105,0.646
pdbs/2198.pdb.gz,0.664,854.534,0.683
pdbs/2199.pdb.gz,0.643,799.909,0.71
pdbs/2200.pdb.gz,0.637,896.972,0.669
pdbs/2201.pdb.gz,0.731,834.243,0.5
pdbs/2202.pdb.gz,0.697,817.388,0.579
pdbs/2203.pdb.gz,0.694,919.611,0.592
pdbs/2204.pdb.gz,0.597,939.236,0.78
pdbs/2205.pdb.gz,0.681,658.463,0.522
pdbs/2206.pdb.gz,0.656,890.836,0.728
pdbs/2207.pdb.gz,0.495,731.277,0.812
pdbs/2208.pdb.gz,0.638,929.457,0.583
pdbs/2209.pdb.gz,0.619,828.63,0.701
pdbs/2210.pdb.gz,0.655,911.946,0.673
pdbs/2211.pdb.gz,0.724,876.498,0.542
pdbs/2212.pdb.gz,0.689,967.554,0.637
pdbs/2213.pdb.gz,0.69,960.328,0.601
pdbs/2214.pdb.gz,0.531,806.328,0.745
pdbs/2215.pdb.gz,0.66,930.652,0.638
pdbs/2216.pdb.gz,0.692,855.9,0.607
pdbs/2217.pdb.gz,0.514,878.648,0.856
pdbs/2218.pdb.gz,0.677,915.496,0.612
pdbs/2219.pdb.gz,0.674,844.077,0.545
pdbs/2220.pdb.gz,0.707,831.472,0.603
pdbs/2221.pdb.gz,0.53,870.51,0.694
pdbs/2222.pdb.gz,0.607,819.986,0.76
pdbs/2223.pdb.gz,0.635,944.18,0.702
pdbs/2224.pdb.gz,0.61,964.578,0.721
pdbs/2225.pdb.gz,0.727,941.233,0.585
pdbs/2226.pdb.gz,0.717,832.401,0.458
pdbs/2227.pdb.gz,0.733,811.728,0.536
pdbs/2228.pdb.gz,0.652,936.736,0.66
pdbs/2229.pdb.gz,0.735,846.798,0.47
pdbs/2230.pdb.gz,0.461,1024.281,0.952
pdbs/2231.pdb.gz,0.607,887.423,0.596
pdbs/2232.pdb.gz,0.683,931.726,0.648
pdbs/2233.pdb.gz,0.678,835.298,0.634
pdbs/2234.pdb.gz,0.63,856.316,0.628
pdbs/2235.pdb.gz,0.579,911.502,0.776
pdbs/2236.pdb.gz,0.693,764.569,0.613
pdbs/2237.pdb.gz,0.676,784.022,0.545
pdbs/2238.pdb.gz,0.738,876.282,0.523
pdbs/2239.pdb.gz,0.731,855.736,0.57
pdbs/2240.pdb.gz,0.539,999.147,0.878
pdbs/2241.pdb.gz,0.669,835.628,0.603
pdbs/2242.pdb.gz,0.579,939.113,0.701
pdbs/2243.pdb.gz,0.703,888.96,0.624
pdbs/2244.pdb.gz,0.629,868.336,0.698
pdbs/2245.pdb.gz,0.627,808.914,0.725
pdbs/2246.pdb.gz,0.623,822.587,0.729
pdbs/2247.pdb.gz,0.76,869.603,0.497
pdbs/2248.pdb.gz,0.603,906.604,0.699
pdbs/2249.pdb.gz,0.54,969.002,0.82
pdbs/2250.pdb.gz,0.712,773.678,0.605
pdbs/2251.pdb.gz,0.658,853.478,0.652
pdbs/2252.pdb.gz,0.686,850.18,0.602
pdbs/2253.pdb.gz,0.67,924.94,0.578
pdbs/2254.pdb.gz,0.647,929.236,0.633
pdbs/2255.pdb.gz,0.637,869.736,0.647
pdbs/2256.pdb.gz,0.678,818.008,0.58
pdbs/2257.pdb.gz,0.63,777.159,0.602
pdbs/2258.pdb.gz,0.577,956.466,0.765
pdbs/2259.pdb.gz,0.676,827.009,0.551
pdbs/2260.pdb.gz,0.685,914.524,0.628
pdbs/2261.pdb.gz,0.645,819.087,0.703
pdbs/2262.pdb.gz,0.646,548.963,0.619
pdbs/2263.pdb.gz,0.694,795.303,0.578
pdbs/2264.pdb.gz,0.587,889.623,0.773
pdbs/2265.pdb.gz,0.717,784.001,0.501
pdbs/2266.pdb.gz,0.648,780.71,0.516
pdbs/2267.pdb.gz,0.614,1006.367,0.775
pdbs/2268.pdb.gz,0.656,914.201,0.611
pdbs/2269.pdb.gz,0.62,930.249,0.629
pdbs/2270.pdb.gz,0.57,917.748,0.713
pdbs/2271.pdb.gz,0.647,871.012,0.685
pdbs/2272.pdb.gz,0.678,919.376,0.607
pdbs/2273.pdb.gz,0.742,851.048,0.531
pdbs/2274.pdb.gz,0.685,409.146,0.47
pdbs/2275.pdb.gz,0.677,1008.31,0.607
pdbs/2276.pdb.gz,0.692,868.398,0.647
pdbs/2277.pdb.gz,0.601,942.493,0.713
pdbs/2278.pdb.gz,0.725,847.764,0.502
pdbs/2279.pdb.gz,0.662,706.68,0.574
pdbs/2280.pdb.gz,0.683,974.946,0.592
pdbs/2281.pdb.gz,0.593,817.396,0.719
pdbs/2282.pdb.gz,0.65,882.035,0.613
pdbs/2283.pdb.gz,0.669,813.48,0.621
pdbs/2284.pdb.gz,0.679,934.536,0.635
pdbs/2285.pdb.gz,0.69,860.693,0.616
pdbs/2286.pdb.gz,0.677,894.185,0.633
pdbs/2287.pdb.gz,0.555,854.395,0.782
pdbs/2288.pdb.gz,0.673,859.023,0.568
pdbs/2289.pdb.gz,0.693,725.721,0.625
pdbs/2290.pdb.gz,0.624,940.054,0.647
pdbs/2291.pdb.gz,0.716,830.835,0.542
pdbs/2292.pdb.gz,0.674,848.456,0.581
pdbs/2293.pdb.gz,0.714,743.204,0.589
pdbs/2294.pdb.gz,0.672,949.582,0.527
pdbs/2295.pdb.gz,0.7,862.187,0.649
pdbs/2296.pdb.gz,0.619,918.181,0.666
pdbs/2297.pdb.gz,0.665,825.157,0.667
pdbs/2298.pdb.gz,0.712,856.737,0.568
pdbs/2299.pdb.gz,0.602,852.454,0.783
pdbs/2300.pdb.gz,0.72,1000.388,0.574
pdbs/2301.pdb.gz,0.715,861.412,0.556
pdbs/2302.pdb.gz,0.62,873.263,0.686
pdbs/2303.pdb.gz,0.556,951.094,0.84
pdbs/2304.pdb.gz,0.49,1023.221,0.941
pdbs/2305.pdb.gz,0.703,860.552,0.579
pdbs/2306.pdb.gz,0.648,867.513,0.683
pdbs/2307.pdb.gz,0.644,870.008,0.618
pdbs/2308.pdb.gz,0.751,735.013,0.514
pdbs/2309.pdb.gz,0.685,940.013,0.582
pdbs/2310.pdb.gz,0.758,862.539,0.534
pdbs/2311.pdb.gz,0.756,855.026,0.421
pdbs/2312.pdb.gz,0.683,878.508,0.621
pdbs/2313.pdb.gz,0.669,960.608,0.586
pdbs/2314.pdb.gz,0.664,833.175,0.63
pdbs/2315.pdb.gz,0.648,853.958,0.729
pdbs/2316.pdb.gz,0.585,886.899,0.743
pdbs/2317.pdb.gz,0.673,856.854,0.607
pdbs/2318.pdb.gz,0.733,869.49,0.451
pdbs/2319.pdb.gz,0.67,744.668,0.625
pdbs/2320.pdb.gz,0.579,836.874,0.688
pdbs/2321.pdb.gz,0.712,885.73,0.583
pdbs/2322.pdb.gz,0.647,877.665,0.686
pdbs/2323.pdb.gz,0.708,891.973,0.573
pdbs/2324.pdb.gz,0.695,804.924,0.483
pdbs/2325.pdb.gz,0.731,923.37,0.524
pdbs/2326.pdb.gz,0.687,895.284,0.601
pdbs/2327.pdb.gz,0.601,718.756,0.684
pdbs/2328.pdb.gz,0.679,892.231,0.634
pdbs/2329.pdb.gz,0.688,960.719,0.632
pdbs/2330.pdb.gz,0.638,941.332,0.731
pdbs/2331.pdb.gz,0.735,809.961,0.563
pdbs/2332.pdb.gz,0.674,856.871,0.539
pdbs/2333.pdb.gz,0.712,838.597,0.579
pdbs/2334.pdb.gz,0.751,910.259,0.504
pdbs/2335.pdb.gz,0.683,827.334,0.567
pdbs/2336.pdb.gz,0.701,803.411,0.599
pdbs/2337.pdb.gz,0.66,929.863,0.699
pdbs/2338.pdb.gz,0.717,809.06,0.544
pdbs/2339.pdb.gz,0.73,775.105,0.485
pdbs/2340.pdb.gz,0.736,896.197,0.499
pdbs/2341.pdb.gz,0.72,875.571,0.495
pdbs/2342.pdb.gz,0.649,947.157,0.646
pdbs/2343.pdb.gz,0.633,950.287,0.608
pdbs/2344.pdb.gz,0.72,893.576,0.57
pdbs/2345.pdb.gz,0.631,844.84,0.652
pdbs/2346.pdb.gz,0.644,997.437,0.7
pdbs/2347.pdb.gz,0.559,925.29,0.741
pdbs/2348.pdb.gz,0.685,875.31,0.639
pdbs/2349.pdb.gz,0.672,781.47,0.635
pdbs/2350.pdb.gz,0.593,960.564,0.758
pdbs/2351.pdb.gz,0.58,935.472,0.734
pdbs/2352.pdb.gz,0.562,839.018,0.75
pdbs/2353.pdb.gz,0.651,811.377,0.695
pdbs/2354.pdb.gz,0.583,809.241,0.737
pdbs/2355.pdb.gz,0.736,819.757,0.574
pdbs/2356.pdb.gz,0.57,898.908,0.776
pdbs/2357.pdb.gz,0.709,832.218,0.561
pdbs/2358.pdb.gz,0.623,863.151,0.707
pdbs/2359.pdb.gz,0.71,820.712,0.494
pdbs/2360.pdb.gz,0.601,892.344,0.643
pdbs/2361.pdb.gz,0.619,897.755,0.691
pdbs/2362.pdb.gz,0.652,857.071,0.593
pdbs/2363.pdb.gz,0.728,797.757,0.519
pdbs/2364.pdb.gz,0.605,973.471,0.693
pdbs/2365.pdb.gz,0.59,856.567,0.79
pdbs/2366.pdb.gz,0.667,886.647,0.566
pdbs/2367.pdb.gz,0.687,821.715,0.621
pdbs/2368.pdb.gz,0.684,875.901,0.59
pdbs/2369.pdb.gz,0.718,785.31,0.524
pdbs/2370.pdb.gz,0.716,810.232,0.509
pdbs/2371.pdb.gz,0.583,826.508,0.74
pdbs/2372.pdb.gz,0.647,924.689,0.648
pdbs/2373.pdb.gz,0.653,914.589,0.655
pdbs/2374.pdb.gz,0.635,918.381,0.65
pdbs/2375.pdb.gz,0.634,775.381,0.636
pdbs/2376.pdb.gz,0.676,889.115,0.655
pdbs/2377.pdb.gz,0.642,809.433,0.666
pdbs/2378.pdb.gz,0.604,883.7,0.708
pdbs/2379.pdb.gz,0.642,992.845,0.7
pdbs/2380.pdb.gz,0.786,665.848,0.426
pdbs/2381.pdb.gz,0.708,865.174,0.545
pdbs/2382.pdb.gz,0.685,862.144,0.609
pdbs/2383.pdb.gz,0.733,762.148,0.526
pdbs/2384.pdb.gz,0.708,789.768,0.611
pdbs/2385.pdb.gz,0.703,809.864,0.582
